Артикул;Наименование;Чертеж_файл;Чертеж_путь_папка_SC;Чертеж_для_сайта;Ссылка_таблица_номенклатуры;Файл_номенклатуры_xlsx;Источник_чертежа;Примечания
10-25-009;"10-25-009 Шпилька ""Рождественская ёлка"" сталь омедненая SCS 5 x 9";shpilka-resbovaya-elka_omednen-stal-ps.png;P:\upload\Приварной крепеж\_SC\Изображения\shpilka-resbovaya-elka_omednen-stal-ps.png;/upload/drawings/shpilka-resbovaya-elka_omednen-stal-ps.png;https://www.privarka-k97.ru/krepezh/privarnoy_krepyezh/krepezh-dlya-korotkogo-tsikla-sc/sc-shpilka-privarnaya-rezbovaya-rozhdestvenskaya-yelka1/;Номенклатура_Резьбовая шпилька SC Рождественская ёлка.xlsx;cs_csv;
10-25-014;"10-25-014 Шпилька ""Рождественская ёлка"" сталь омедненая SCS 5 x 14,2";shpilka-resbovaya-elka_omednen-stal-ps.png;P:\upload\Приварной крепеж\_SC\Изображения\shpilka-resbovaya-elka_omednen-stal-ps.png;/upload/drawings/shpilka-resbovaya-elka_omednen-stal-ps.png;https://www.privarka-k97.ru/krepezh/privarnoy_krepyezh/krepezh-dlya-korotkogo-tsikla-sc/sc-shpilka-privarnaya-rezbovaya-rozhdestvenskaya-yelka1/;Номенклатура_Резьбовая шпилька SC Рождественская ёлка.xlsx;cs_csv;
10-25-018;"10-25-018 Шпилька ""Рождественская ёлка"" сталь омедненая SCS 5 x 18";shpilka-resbovaya-elka_omednen-stal-ps.png;P:\upload\Приварной крепеж\_SC\Изображения\shpilka-resbovaya-elka_omednen-stal-ps.png;/upload/drawings/shpilka-resbovaya-elka_omednen-stal-ps.png;https://www.privarka-k97.ru/krepezh/privarnoy_krepyezh/krepezh-dlya-korotkogo-tsikla-sc/sc-shpilka-privarnaya-rezbovaya-rozhdestvenskaya-yelka1/;Номенклатура_Резьбовая шпилька SC Рождественская ёлка.xlsx;cs_csv;
10-25-025;"10-25-025 Шпилька ""Рождественская ёлка"" сталь омедненая SCS 5 x 25";shpilka-resbovaya-elka_omednen-stal-ps.png;P:\upload\Приварной крепеж\_SC\Изображения\shpilka-resbovaya-elka_omednen-stal-ps.png;/upload/drawings/shpilka-resbovaya-elka_omednen-stal-ps.png;https://www.privarka-k97.ru/krepezh/privarnoy_krepyezh/krepezh-dlya-korotkogo-tsikla-sc/sc-shpilka-privarnaya-rezbovaya-rozhdestvenskaya-yelka1/;Номенклатура_Резьбовая шпилька SC Рождественская ёлка.xlsx;cs_csv;
10-70-612W;10-70-612W Болт заземления омедненная сталь M6 x 16 с увеличенным фланцем;10-70-612W.jpg;P:\upload\Приварной крепеж\_SC\Чертежи\10-70-612W.jpg;/upload/drawings/10-70-612W.jpg;https://www.privarka-k97.ru/krepezh/privarnoy_krepyezh/krepezh-dlya-korotkogo-tsikla-sc/filter/mount_type-is-%D0%B1%D0%BE%D0%BB%D1%82%20%D0%B7%D0%B0%D0%B7%D0%B5%D0%BC%D0%BB%D0%B5%D0%BD%D0%B8%D1%8F/apply/;;audit;
10-70-815;10-70-815 Болт заземления с пластиковым колпачком сталь никелированная М8 х 15;10-70-815.jpg;P:\upload\Приварной крепеж\_SC\Чертежи\10-70-815.jpg;/upload/drawings/10-70-815.jpg;https://www.privarka-k97.ru/krepezh/privarnoy_krepyezh/krepezh-dlya-korotkogo-tsikla-sc/filter/mount_type-is-%D0%B1%D0%BE%D0%BB%D1%82%20%D0%B7%D0%B0%D0%B7%D0%B5%D0%BC%D0%BB%D0%B5%D0%BD%D0%B8%D1%8F/apply/;;audit;
10-70-825;10-70-825 Болт заземления сталь омедненная (короткий цикл) с пластиковым колпачком М6 х 25;bolt_zazemlenia_n.png;P:\upload\Приварной крепеж\_SC\Изображения\bolt_zazemlenia_n.png;/upload/drawings/bolt_zazemlenia_n.png;https://www.privarka-k97.ru/krepezh/privarnoy_krepyezh/krepezh-dlya-korotkogo-tsikla-sc/filter/mount_type-is-%D0%B1%D0%BE%D0%BB%D1%82%20%D0%B7%D0%B0%D0%B7%D0%B5%D0%BC%D0%BB%D0%B5%D0%BD%D0%B8%D1%8F/apply/;;cs_csv;
10-71-825;10-71-825 Болт заземления сталь никелированная (короткий цикл) с пластиковым колпачком М8 х 25;bolt_zazemlenia_n.png;P:\upload\Приварной крепеж\_SC\Изображения\bolt_zazemlenia_n.png;/upload/drawings/bolt_zazemlenia_n.png;https://www.privarka-k97.ru/krepezh/privarnoy_krepyezh/krepezh-dlya-korotkogo-tsikla-sc/filter/mount_type-is-%D0%B1%D0%BE%D0%BB%D1%82%20%D0%B7%D0%B0%D0%B7%D0%B5%D0%BC%D0%BB%D0%B5%D0%BD%D0%B8%D1%8F/apply/;;cs_csv;
11-55-008;11-55-008 (17-05-008) Шпилька резьбовая сталь омедненая SC тип FD M 5 x 8;Чертеж_Шпилька приварная резьбовая (омедн сталь).jpg;P:\upload\Приварной крепеж\_SC\Чертежи\Чертеж_Шпилька приварная резьбовая (омедн сталь).jpg;/upload/drawings/Чертеж_Шпилька приварная резьбовая (омедн сталь).jpg;https://www.privarka-k97.ru/krepezh/privarnoy_krepyezh/krepezh-dlya-korotkogo-tsikla-sc/sc-shpilka-privarnaya-rezbovaya/;Номенклатура_Шпилька приварная резьбовая .xlsx;audit;
11-58-010;11-58-010 (17-08-010) Шпилька резьбовая сталь омедненая SC тип FD M 8 x 10;Чертеж_Шпилька приварная резьбовая (омедн сталь).jpg;P:\upload\Приварной крепеж\_SC\Чертежи\Чертеж_Шпилька приварная резьбовая (омедн сталь).jpg;/upload/drawings/Чертеж_Шпилька приварная резьбовая (омедн сталь).jpg;https://www.privarka-k97.ru/krepezh/privarnoy_krepyezh/krepezh-dlya-korotkogo-tsikla-sc/sc-shpilka-privarnaya-rezbovaya/;Номенклатура_Шпилька приварная резьбовая .xlsx;audit;
11-58-045;11-58-045 (17-08-045) Шпилька резьбовая сталь омедненная SC тип (короткий цикл) M 8 x 45;Чертеж_Шпилька приварная резьбовая (омедн сталь).jpg;P:\upload\Приварной крепеж\_SC\Чертежи\Чертеж_Шпилька приварная резьбовая (омедн сталь).jpg;/upload/drawings/Чертеж_Шпилька приварная резьбовая (омедн сталь).jpg;https://www.privarka-k97.ru/krepezh/privarnoy_krepyezh/krepezh-dlya-korotkogo-tsikla-sc/sc-shpilka-privarnaya-rezbovaya/;Номенклатура_Шпилька приварная резьбовая .xlsx;audit;
17-06-016;17-06-016 Шпилька резьбовая сталь омедненная 4.8 PS (Короткий цикл) M 6 x 16 (DIN EN ISO 13918);Шпилька приварная резьбовая_омедн сталь.jpg;P:\upload\Приварной крепеж\_SC\Чертежи\Шпилька приварная резьбовая_омедн сталь.jpg;/upload/drawings/Шпилька приварная резьбовая_омедн сталь.jpg;https://www.privarka-k97.ru/krepezh/privarnoy_krepyezh/krepezh-dlya-korotkogo-tsikla-sc/sc-shpilka-privarnaya-rezbovaya/;Номенклатура_Шпилька приварная резьбовая .xlsx;audit;
17-06-020;17-06-020 BOLTE Шпилька резьбовая сталь омедненная 4.8 тип PS (Короткий цикл) M 6 x 20 (DIN EN ISO 13918);Шпилька приварная резьбовая_омедн сталь.jpg;P:\upload\Приварной крепеж\_SC\Чертежи\Шпилька приварная резьбовая_омедн сталь.jpg;/upload/drawings/Шпилька приварная резьбовая_омедн сталь.jpg;https://www.privarka-k97.ru/krepezh/privarnoy_krepyezh/krepezh-dlya-korotkogo-tsikla-sc/sc-shpilka-privarnaya-rezbovaya/;Номенклатура_Шпилька приварная резьбовая .xlsx;audit;
17-06-020;17-06-020 Шпилька резьбовая сталь 4.8 омедненная тип PS (Короткий цикл) M 6 x 20 (DIN EN ISO 13918) THOMAS;Шпилька приварная резьбовая_омедн сталь.jpg;P:\upload\Приварной крепеж\_SC\Чертежи\Шпилька приварная резьбовая_омедн сталь.jpg;/upload/drawings/Шпилька приварная резьбовая_омедн сталь.jpg;https://www.privarka-k97.ru/krepezh/privarnoy_krepyezh/krepezh-dlya-korotkogo-tsikla-sc/sc-shpilka-privarnaya-rezbovaya/;Номенклатура_Шпилька приварная резьбовая .xlsx;audit;
17-10-020;17-10-020 Шпилька резьбовая сталь омедненная 4.8  тип SC (Короткий цикл) M 10 x 20 (DIN EN ISO 13918);Чертеж_Шпилька приварная резьбовая (омедн сталь).jpg;P:\upload\Приварной крепеж\_SC\Чертежи\Чертеж_Шпилька приварная резьбовая (омедн сталь).jpg;/upload/drawings/Чертеж_Шпилька приварная резьбовая (омедн сталь).jpg;https://www.privarka-k97.ru/krepezh/privarnoy_krepyezh/krepezh-dlya-korotkogo-tsikla-sc/sc-shpilka-privarnaya-rezbovaya/;Номенклатура_Шпилька приварная резьбовая .xlsx;audit;
17-10-025;17-10-025 Шпилька резьбовая сталь омедненная 4.8 тип SC (Короткий цикл) M 10 x 25 (DIN EN ISO 13918);Чертеж_Шпилька приварная резьбовая (омедн сталь).jpg;P:\upload\Приварной крепеж\_SC\Чертежи\Чертеж_Шпилька приварная резьбовая (омедн сталь).jpg;/upload/drawings/Чертеж_Шпилька приварная резьбовая (омедн сталь).jpg;https://www.privarka-k97.ru/krepezh/privarnoy_krepyezh/krepezh-dlya-korotkogo-tsikla-sc/sc-shpilka-privarnaya-rezbovaya/;Номенклатура_Шпилька приварная резьбовая .xlsx;audit;
17-10-030;17-10-030 Шпилька резьбовая сталь омедненная 4.8 тип SC (Короткий цикл) M 10 x 30 (DIN EN ISO 13918);Чертеж_Шпилька приварная резьбовая (омедн сталь).jpg;P:\upload\Приварной крепеж\_SC\Чертежи\Чертеж_Шпилька приварная резьбовая (омедн сталь).jpg;/upload/drawings/Чертеж_Шпилька приварная резьбовая (омедн сталь).jpg;https://www.privarka-k97.ru/krepezh/privarnoy_krepyezh/krepezh-dlya-korotkogo-tsikla-sc/sc-shpilka-privarnaya-rezbovaya/;Номенклатура_Шпилька приварная резьбовая .xlsx;audit;
17-10-040;17-10-040 Шпилька резьбовая сталь омедненная  4.8 тип SC (Короткий цикл) M 10 x 40 (DIN EN ISO 13918);Чертеж_Шпилька приварная резьбовая (омедн сталь).jpg;P:\upload\Приварной крепеж\_SC\Чертежи\Чертеж_Шпилька приварная резьбовая (омедн сталь).jpg;/upload/drawings/Чертеж_Шпилька приварная резьбовая (омедн сталь).jpg;https://www.privarka-k97.ru/krepezh/privarnoy_krepyezh/krepezh-dlya-korotkogo-tsikla-sc/sc-shpilka-privarnaya-rezbovaya/;Номенклатура_Шпилька приварная резьбовая .xlsx;audit;
17-10-045;17-10-045 Шпилька резьбовая сталь омедненная SC тип (Короткий цикл) M 10 x 45;Чертеж_Шпилька приварная резьбовая (омедн сталь).jpg;P:\upload\Приварной крепеж\_SC\Чертежи\Чертеж_Шпилька приварная резьбовая (омедн сталь).jpg;/upload/drawings/Чертеж_Шпилька приварная резьбовая (омедн сталь).jpg;https://www.privarka-k97.ru/krepezh/privarnoy_krepyezh/krepezh-dlya-korotkogo-tsikla-sc/sc-shpilka-privarnaya-rezbovaya/;Номенклатура_Шпилька приварная резьбовая .xlsx;audit;
17-LN-05-016;17-LN-05-016 Шпилька резьбовая сталь 4.8 омедненная тип SC (Короткий цикл) M 5 x 16 (DIN EN ISO 13918) с бороздкой под покраску;shpilka-resbovaya-omednen-stal-ps.png;P:\upload\Приварной крепеж\_SC\Изображения\shpilka-resbovaya-omednen-stal-ps.png;/upload/drawings/shpilka-resbovaya-omednen-stal-ps.png;https://www.privarka-k97.ru/krepezh/privarnoy_krepyezh/krepezh-dlya-korotkogo-tsikla-sc/sc-shpilka-privarnaya-rezbovaya-pod-pokrasku1/;Номенклатура_Резьбовая шпилька SC под покраску омедн.xlsx;group_default;ТЗ п.4: типовой чертёж PS — проверить, не «чужой» ли для LN
17-LN-05-020;17-LN-05-020 Шпилька резьбовая сталь 4.8 омедненная тип SC (Короткий цикл) M 5 x 20 (DIN EN ISO 13918) с бороздкой под покраску;shpilka-resbovaya-omednen-stal-ps.png;P:\upload\Приварной крепеж\_SC\Изображения\shpilka-resbovaya-omednen-stal-ps.png;/upload/drawings/shpilka-resbovaya-omednen-stal-ps.png;https://www.privarka-k97.ru/krepezh/privarnoy_krepyezh/krepezh-dlya-korotkogo-tsikla-sc/sc-shpilka-privarnaya-rezbovaya-pod-pokrasku1/;Номенклатура_Резьбовая шпилька SC под покраску омедн.xlsx;group_default;ТЗ п.4: типовой чертёж PS — проверить, не «чужой» ли для LN
17-LN-05-025;17-LN-05-025 Шпилька резьбовая сталь 4.8 омедненная тип SC (Короткий цикл) M 5 x 25 (DIN EN ISO 13918) с бороздкой под покраску;shpilka-resbovaya-omednen-stal-ps.png;P:\upload\Приварной крепеж\_SC\Изображения\shpilka-resbovaya-omednen-stal-ps.png;/upload/drawings/shpilka-resbovaya-omednen-stal-ps.png;https://www.privarka-k97.ru/krepezh/privarnoy_krepyezh/krepezh-dlya-korotkogo-tsikla-sc/sc-shpilka-privarnaya-rezbovaya-pod-pokrasku1/;Номенклатура_Резьбовая шпилька SC под покраску омедн.xlsx;group_default;ТЗ п.4: типовой чертёж PS — проверить, не «чужой» ли для LN
17-LN-05-030;17-LN-05-030 Шпилька резьбовая сталь 4.8 омедненная тип SC (Короткий цикл) M 5 x 30 (DIN EN ISO 13918) с бороздкой под покраску;shpilka-resbovaya-omednen-stal-ps.png;P:\upload\Приварной крепеж\_SC\Изображения\shpilka-resbovaya-omednen-stal-ps.png;/upload/drawings/shpilka-resbovaya-omednen-stal-ps.png;https://www.privarka-k97.ru/krepezh/privarnoy_krepyezh/krepezh-dlya-korotkogo-tsikla-sc/sc-shpilka-privarnaya-rezbovaya-pod-pokrasku1/;Номенклатура_Резьбовая шпилька SC под покраску омедн.xlsx;group_default;ТЗ п.4: типовой чертёж PS — проверить, не «чужой» ли для LN
17-LN-05-035;17-LN-05-035 Шпилька резьбовая сталь 4.8 омедненная тип SC (Короткий цикл) M 5 x 35 (DIN EN ISO 13918) с бороздкой под покраску;shpilka-resbovaya-omednen-stal-ps.png;P:\upload\Приварной крепеж\_SC\Изображения\shpilka-resbovaya-omednen-stal-ps.png;/upload/drawings/shpilka-resbovaya-omednen-stal-ps.png;https://www.privarka-k97.ru/krepezh/privarnoy_krepyezh/krepezh-dlya-korotkogo-tsikla-sc/sc-shpilka-privarnaya-rezbovaya-pod-pokrasku1/;Номенклатура_Резьбовая шпилька SC под покраску омедн.xlsx;group_default;ТЗ п.4: типовой чертёж PS — проверить, не «чужой» ли для LN
17-LN-05-040;17-LN-05-040 Шпилька резьбовая сталь 4.8 омедненная тип SC (Короткий цикл) M 5 x 40 (DIN EN ISO 13918) с бороздкой под покраску;shpilka-resbovaya-omednen-stal-ps.png;P:\upload\Приварной крепеж\_SC\Изображения\shpilka-resbovaya-omednen-stal-ps.png;/upload/drawings/shpilka-resbovaya-omednen-stal-ps.png;https://www.privarka-k97.ru/krepezh/privarnoy_krepyezh/krepezh-dlya-korotkogo-tsikla-sc/sc-shpilka-privarnaya-rezbovaya-pod-pokrasku1/;Номенклатура_Резьбовая шпилька SC под покраску омедн.xlsx;group_default;ТЗ п.4: типовой чертёж PS — проверить, не «чужой» ли для LN
17-LN-05-045;17-LN-05-045 Шпилька резьбовая сталь 4.8 омедненная тип SC (Короткий цикл) M 5 x 45 (DIN EN ISO 13918) с бороздкой под покраску;shpilka-resbovaya-omednen-stal-ps.png;P:\upload\Приварной крепеж\_SC\Изображения\shpilka-resbovaya-omednen-stal-ps.png;/upload/drawings/shpilka-resbovaya-omednen-stal-ps.png;https://www.privarka-k97.ru/krepezh/privarnoy_krepyezh/krepezh-dlya-korotkogo-tsikla-sc/sc-shpilka-privarnaya-rezbovaya-pod-pokrasku1/;Номенклатура_Резьбовая шпилька SC под покраску омедн.xlsx;group_default;ТЗ п.4: типовой чертёж PS — проверить, не «чужой» ли для LN
17-LN-06-008;17-LN-06-008 Шпилька резьбовая сталь 4.8 омедненная тип SC (Короткий цикл) M 6 x 8 (DIN EN ISO 13918) с бороздкой под покраску;shpilka-resbovaya-omednen-stal-ps.png;P:\upload\Приварной крепеж\_SC\Изображения\shpilka-resbovaya-omednen-stal-ps.png;/upload/drawings/shpilka-resbovaya-omednen-stal-ps.png;https://www.privarka-k97.ru/krepezh/privarnoy_krepyezh/krepezh-dlya-korotkogo-tsikla-sc/sc-shpilka-privarnaya-rezbovaya-pod-pokrasku1/;Номенклатура_Резьбовая шпилька SC под покраску омедн.xlsx;group_default;ТЗ п.4: типовой чертёж PS — проверить, не «чужой» ли для LN
17-LN-06-010;17-LN-06-010 Шпилька резьбовая сталь 4.8 омедненная тип SC (Короткий цикл) M 6 x 10 (DIN EN ISO 13918) с бороздкой под покраску;shpilka-resbovaya-omednen-stal-ps.png;P:\upload\Приварной крепеж\_SC\Изображения\shpilka-resbovaya-omednen-stal-ps.png;/upload/drawings/shpilka-resbovaya-omednen-stal-ps.png;https://www.privarka-k97.ru/krepezh/privarnoy_krepyezh/krepezh-dlya-korotkogo-tsikla-sc/sc-shpilka-privarnaya-rezbovaya-pod-pokrasku1/;Номенклатура_Резьбовая шпилька SC под покраску омедн.xlsx;group_default;ТЗ п.4: типовой чертёж PS — проверить, не «чужой» ли для LN
17-LN-06-015;17-LN-06-015 Шпилька резьбовая сталь 4.8 омедненная тип SC (Короткий цикл) M 6 x 15 (DIN EN ISO 13918) с бороздкой под покраску;shpilka-resbovaya-omednen-stal-ps.png;P:\upload\Приварной крепеж\_SC\Изображения\shpilka-resbovaya-omednen-stal-ps.png;/upload/drawings/shpilka-resbovaya-omednen-stal-ps.png;https://www.privarka-k97.ru/krepezh/privarnoy_krepyezh/krepezh-dlya-korotkogo-tsikla-sc/sc-shpilka-privarnaya-rezbovaya-pod-pokrasku1/;Номенклатура_Резьбовая шпилька SC под покраску омедн.xlsx;group_default;ТЗ п.4: типовой чертёж PS — проверить, не «чужой» ли для LN
17-LN-06-025;17-LN-06-025 Шпилька резьбовая сталь 4.8 омедненная тип SC (Короткий цикл) M 6 x 25 (DIN EN ISO 13918) с бороздкой под покраску;shpilka-resbovaya-omednen-stal-ps.png;P:\upload\Приварной крепеж\_SC\Изображения\shpilka-resbovaya-omednen-stal-ps.png;/upload/drawings/shpilka-resbovaya-omednen-stal-ps.png;https://www.privarka-k97.ru/krepezh/privarnoy_krepyezh/krepezh-dlya-korotkogo-tsikla-sc/sc-shpilka-privarnaya-rezbovaya-pod-pokrasku1/;Номенклатура_Резьбовая шпилька SC под покраску омедн.xlsx;group_default;ТЗ п.4: типовой чертёж PS — проверить, не «чужой» ли для LN
17-LN-06-030;17-LN-06-030 Шпилька резьбовая сталь 4.8 омедненная тип SC (Короткий цикл) M 6 x 30 (DIN EN ISO 13918) с бороздкой под покраску;shpilka-resbovaya-omednen-stal-ps.png;P:\upload\Приварной крепеж\_SC\Изображения\shpilka-resbovaya-omednen-stal-ps.png;/upload/drawings/shpilka-resbovaya-omednen-stal-ps.png;https://www.privarka-k97.ru/krepezh/privarnoy_krepyezh/krepezh-dlya-korotkogo-tsikla-sc/sc-shpilka-privarnaya-rezbovaya-pod-pokrasku1/;Номенклатура_Резьбовая шпилька SC под покраску омедн.xlsx;group_default;ТЗ п.4: типовой чертёж PS — проверить, не «чужой» ли для LN
17-LN-06-035;17-LN-06-035 Шпилька резьбовая сталь 4.8 омедненная тип SC (Короткий цикл) M 6 x 35 (DIN EN ISO 13918) с бороздкой под покраску;shpilka-resbovaya-omednen-stal-ps.png;P:\upload\Приварной крепеж\_SC\Изображения\shpilka-resbovaya-omednen-stal-ps.png;/upload/drawings/shpilka-resbovaya-omednen-stal-ps.png;https://www.privarka-k97.ru/krepezh/privarnoy_krepyezh/krepezh-dlya-korotkogo-tsikla-sc/sc-shpilka-privarnaya-rezbovaya-pod-pokrasku1/;Номенклатура_Резьбовая шпилька SC под покраску омедн.xlsx;group_default;ТЗ п.4: типовой чертёж PS — проверить, не «чужой» ли для LN
17-LN-06-040;17-LN-06-040 Шпилька резьбовая сталь 4.8 омедненная тип SC (Короткий цикл) M 6 x 40 (DIN EN ISO 13918) с бороздкой под покраску;shpilka-resbovaya-omednen-stal-ps.png;P:\upload\Приварной крепеж\_SC\Изображения\shpilka-resbovaya-omednen-stal-ps.png;/upload/drawings/shpilka-resbovaya-omednen-stal-ps.png;https://www.privarka-k97.ru/krepezh/privarnoy_krepyezh/krepezh-dlya-korotkogo-tsikla-sc/sc-shpilka-privarnaya-rezbovaya-pod-pokrasku1/;Номенклатура_Резьбовая шпилька SC под покраску омедн.xlsx;group_default;ТЗ п.4: типовой чертёж PS — проверить, не «чужой» ли для LN
17-LN-06-045;17-LN-06-045 Шпилька резьбовая сталь 4.8 омедненная тип SC (Короткий цикл) M 6 x 45 (DIN EN ISO 13918) с бороздкой под покраску;shpilka-resbovaya-omednen-stal-ps.png;P:\upload\Приварной крепеж\_SC\Изображения\shpilka-resbovaya-omednen-stal-ps.png;/upload/drawings/shpilka-resbovaya-omednen-stal-ps.png;https://www.privarka-k97.ru/krepezh/privarnoy_krepyezh/krepezh-dlya-korotkogo-tsikla-sc/sc-shpilka-privarnaya-rezbovaya-pod-pokrasku1/;Номенклатура_Резьбовая шпилька SC под покраску омедн.xlsx;group_default;ТЗ п.4: типовой чертёж PS — проверить, не «чужой» ли для LN
17-LN-08-010;17-LN-08-010 Шпилька резьбовая сталь 4.8 омедненная тип SC (Короткий цикл) M 8 x 10 (DIN EN ISO 13918) с бороздкой под покраску;shpilka-resbovaya-omednen-stal-ps.png;P:\upload\Приварной крепеж\_SC\Изображения\shpilka-resbovaya-omednen-stal-ps.png;/upload/drawings/shpilka-resbovaya-omednen-stal-ps.png;https://www.privarka-k97.ru/krepezh/privarnoy_krepyezh/krepezh-dlya-korotkogo-tsikla-sc/sc-shpilka-privarnaya-rezbovaya-pod-pokrasku1/;Номенклатура_Резьбовая шпилька SC под покраску омедн.xlsx;group_default;ТЗ п.4: типовой чертёж PS — проверить, не «чужой» ли для LN
17-LN-08-012;17-LN-08-012 Шпилька резьбовая сталь 4.8 омедненная тип SC (Короткий цикл) M 8 x 12 (DIN EN ISO 13918) с бороздкой под покраску;shpilka-resbovaya-omednen-stal-ps.png;P:\upload\Приварной крепеж\_SC\Изображения\shpilka-resbovaya-omednen-stal-ps.png;/upload/drawings/shpilka-resbovaya-omednen-stal-ps.png;https://www.privarka-k97.ru/krepezh/privarnoy_krepyezh/krepezh-dlya-korotkogo-tsikla-sc/sc-shpilka-privarnaya-rezbovaya-pod-pokrasku1/;Номенклатура_Резьбовая шпилька SC под покраску омедн.xlsx;group_default;ТЗ п.4: типовой чертёж PS — проверить, не «чужой» ли для LN
17-LN-08-015;17-LN-08-015 Шпилька резьбовая сталь 4.8 омедненная тип SC (Короткий цикл) M 8 x 15 (DIN EN ISO 13918) с бороздкой под покраску;shpilka-resbovaya-omednen-stal-ps.png;P:\upload\Приварной крепеж\_SC\Изображения\shpilka-resbovaya-omednen-stal-ps.png;/upload/drawings/shpilka-resbovaya-omednen-stal-ps.png;https://www.privarka-k97.ru/krepezh/privarnoy_krepyezh/krepezh-dlya-korotkogo-tsikla-sc/sc-shpilka-privarnaya-rezbovaya-pod-pokrasku1/;Номенклатура_Резьбовая шпилька SC под покраску омедн.xlsx;group_default;ТЗ п.4: типовой чертёж PS — проверить, не «чужой» ли для LN
17-LN-08-016;17-LN-08-016 Шпилька резьбовая сталь 4.8 омедненная тип SC (Короткий цикл) M 8 x 16 (DIN EN ISO 13918) с бороздкой под покраску;shpilka-resbovaya-omednen-stal-ps.png;P:\upload\Приварной крепеж\_SC\Изображения\shpilka-resbovaya-omednen-stal-ps.png;/upload/drawings/shpilka-resbovaya-omednen-stal-ps.png;https://www.privarka-k97.ru/krepezh/privarnoy_krepyezh/krepezh-dlya-korotkogo-tsikla-sc/sc-shpilka-privarnaya-rezbovaya-pod-pokrasku1/;Номенклатура_Резьбовая шпилька SC под покраску омедн.xlsx;group_default;ТЗ п.4: типовой чертёж PS — проверить, не «чужой» ли для LN
17-LN-08-025;17-LN-08-025 Шпилька резьбовая сталь 4.8 омедненная тип SC (Короткий цикл) M 8 x 25 (DIN EN ISO 13918) с бороздкой под покраску;shpilka-resbovaya-omednen-stal-ps.png;P:\upload\Приварной крепеж\_SC\Изображения\shpilka-resbovaya-omednen-stal-ps.png;/upload/drawings/shpilka-resbovaya-omednen-stal-ps.png;https://www.privarka-k97.ru/krepezh/privarnoy_krepyezh/krepezh-dlya-korotkogo-tsikla-sc/sc-shpilka-privarnaya-rezbovaya-pod-pokrasku1/;Номенклатура_Резьбовая шпилька SC под покраску омедн.xlsx;group_default;ТЗ п.4: типовой чертёж PS — проверить, не «чужой» ли для LN
17-LN-08-030;17-LN-08-030 Шпилька резьбовая сталь 4.8 омедненная тип SC (Короткий цикл) M 8 x 30 (DIN EN ISO 13918) с бороздкой под покраску;shpilka-resbovaya-omednen-stal-ps.png;P:\upload\Приварной крепеж\_SC\Изображения\shpilka-resbovaya-omednen-stal-ps.png;/upload/drawings/shpilka-resbovaya-omednen-stal-ps.png;https://www.privarka-k97.ru/krepezh/privarnoy_krepyezh/krepezh-dlya-korotkogo-tsikla-sc/sc-shpilka-privarnaya-rezbovaya-pod-pokrasku1/;Номенклатура_Резьбовая шпилька SC под покраску омедн.xlsx;group_default;ТЗ п.4: типовой чертёж PS — проверить, не «чужой» ли для LN
17-LN-08-035;17-LN-08-035 Шпилька резьбовая сталь 4.8 омедненная тип SC (Короткий цикл) M 8 x 35 (DIN EN ISO 13918) с бороздкой под покраску;shpilka-resbovaya-omednen-stal-ps.png;P:\upload\Приварной крепеж\_SC\Изображения\shpilka-resbovaya-omednen-stal-ps.png;/upload/drawings/shpilka-resbovaya-omednen-stal-ps.png;https://www.privarka-k97.ru/krepezh/privarnoy_krepyezh/krepezh-dlya-korotkogo-tsikla-sc/sc-shpilka-privarnaya-rezbovaya-pod-pokrasku1/;Номенклатура_Резьбовая шпилька SC под покраску омедн.xlsx;group_default;ТЗ п.4: типовой чертёж PS — проверить, не «чужой» ли для LN
17-LN-08-040;17-LN-08-040 Шпилька резьбовая сталь 4.8 омедненная тип SC (Короткий цикл) M 8 x 40 (DIN EN ISO 13918) с бороздкой под покраску;shpilka-resbovaya-omednen-stal-ps.png;P:\upload\Приварной крепеж\_SC\Изображения\shpilka-resbovaya-omednen-stal-ps.png;/upload/drawings/shpilka-resbovaya-omednen-stal-ps.png;https://www.privarka-k97.ru/krepezh/privarnoy_krepyezh/krepezh-dlya-korotkogo-tsikla-sc/sc-shpilka-privarnaya-rezbovaya-pod-pokrasku1/;Номенклатура_Резьбовая шпилька SC под покраску омедн.xlsx;group_default;ТЗ п.4: типовой чертёж PS — проверить, не «чужой» ли для LN
17-LN-08-045;17-LN-08-045 Шпилька резьбовая сталь 4.8 омедненная тип SC (Короткий цикл) M 8 x 45 (DIN EN ISO 13918) с бороздкой под покраску;shpilka-resbovaya-omednen-stal-ps.png;P:\upload\Приварной крепеж\_SC\Изображения\shpilka-resbovaya-omednen-stal-ps.png;/upload/drawings/shpilka-resbovaya-omednen-stal-ps.png;https://www.privarka-k97.ru/krepezh/privarnoy_krepyezh/krepezh-dlya-korotkogo-tsikla-sc/sc-shpilka-privarnaya-rezbovaya-pod-pokrasku1/;Номенклатура_Резьбовая шпилька SC под покраску омедн.xlsx;group_default;ТЗ п.4: типовой чертёж PS — проверить, не «чужой» ли для LN
17-LN-10-015;17-LN-10-015 Шпилька резьбовая сталь 4.8 омедненная тип SC (Короткий цикл) M 10 x 15 (DIN EN ISO 13918) с бороздкой под покраску;shpilka-resbovaya-omednen-stal-ps.png;P:\upload\Приварной крепеж\_SC\Изображения\shpilka-resbovaya-omednen-stal-ps.png;/upload/drawings/shpilka-resbovaya-omednen-stal-ps.png;https://www.privarka-k97.ru/krepezh/privarnoy_krepyezh/krepezh-dlya-korotkogo-tsikla-sc/sc-shpilka-privarnaya-rezbovaya-pod-pokrasku1/;Номенклатура_Резьбовая шпилька SC под покраску омедн.xlsx;group_default;ТЗ п.4: типовой чертёж PS — проверить, не «чужой» ли для LN
17-LN-10-016;17-LN-10-016 Шпилька резьбовая сталь 4.8 омедненная тип SC (Короткий цикл) M 10 x 16 (DIN EN ISO 13918) с бороздкой под покраску;shpilka-resbovaya-omednen-stal-ps.png;P:\upload\Приварной крепеж\_SC\Изображения\shpilka-resbovaya-omednen-stal-ps.png;/upload/drawings/shpilka-resbovaya-omednen-stal-ps.png;https://www.privarka-k97.ru/krepezh/privarnoy_krepyezh/krepezh-dlya-korotkogo-tsikla-sc/sc-shpilka-privarnaya-rezbovaya-pod-pokrasku1/;Номенклатура_Резьбовая шпилька SC под покраску омедн.xlsx;group_default;ТЗ п.4: типовой чертёж PS — проверить, не «чужой» ли для LN
17-LN-10-020;17-LN-10-020 Шпилька резьбовая сталь 4.8 омедненная тип SC (Короткий цикл) M 10 x 20 (DIN EN ISO 13918) с бороздкой под покраску;shpilka-resbovaya-omednen-stal-ps.png;P:\upload\Приварной крепеж\_SC\Изображения\shpilka-resbovaya-omednen-stal-ps.png;/upload/drawings/shpilka-resbovaya-omednen-stal-ps.png;https://www.privarka-k97.ru/krepezh/privarnoy_krepyezh/krepezh-dlya-korotkogo-tsikla-sc/sc-shpilka-privarnaya-rezbovaya-pod-pokrasku1/;Номенклатура_Резьбовая шпилька SC под покраску омедн.xlsx;group_default;ТЗ п.4: типовой чертёж PS — проверить, не «чужой» ли для LN
17-LN-10-025;17-LN-10-025 Шпилька резьбовая сталь 4.8 омедненная тип SC (Короткий цикл) M 10 x 25 (DIN EN ISO 13918) с бороздкой под покраску;shpilka-resbovaya-omednen-stal-ps.png;P:\upload\Приварной крепеж\_SC\Изображения\shpilka-resbovaya-omednen-stal-ps.png;/upload/drawings/shpilka-resbovaya-omednen-stal-ps.png;https://www.privarka-k97.ru/krepezh/privarnoy_krepyezh/krepezh-dlya-korotkogo-tsikla-sc/sc-shpilka-privarnaya-rezbovaya-pod-pokrasku1/;Номенклатура_Резьбовая шпилька SC под покраску омедн.xlsx;group_default;ТЗ п.4: типовой чертёж PS — проверить, не «чужой» ли для LN
17-LN-10-030;17-LN-10-030 Шпилька резьбовая сталь 4.8 омедненная тип SC (Короткий цикл) M 10 x 30 (DIN EN ISO 13918) с бороздкой под покраску;shpilka-resbovaya-omednen-stal-ps.png;P:\upload\Приварной крепеж\_SC\Изображения\shpilka-resbovaya-omednen-stal-ps.png;/upload/drawings/shpilka-resbovaya-omednen-stal-ps.png;https://www.privarka-k97.ru/krepezh/privarnoy_krepyezh/krepezh-dlya-korotkogo-tsikla-sc/sc-shpilka-privarnaya-rezbovaya-pod-pokrasku1/;Номенклатура_Резьбовая шпилька SC под покраску омедн.xlsx;group_default;ТЗ п.4: типовой чертёж PS — проверить, не «чужой» ли для LN
17-LN-10-035;17-LN-10-035 Шпилька резьбовая сталь 4.8 омедненная тип SC (Короткий цикл) M 10 x 35 (DIN EN ISO 13918) с бороздкой под покраску;shpilka-resbovaya-omednen-stal-ps.png;P:\upload\Приварной крепеж\_SC\Изображения\shpilka-resbovaya-omednen-stal-ps.png;/upload/drawings/shpilka-resbovaya-omednen-stal-ps.png;https://www.privarka-k97.ru/krepezh/privarnoy_krepyezh/krepezh-dlya-korotkogo-tsikla-sc/sc-shpilka-privarnaya-rezbovaya-pod-pokrasku1/;Номенклатура_Резьбовая шпилька SC под покраску омедн.xlsx;group_default;ТЗ п.4: типовой чертёж PS — проверить, не «чужой» ли для LN
17-LN-10-040;17-LN-10-040 Шпилька резьбовая сталь 4.8 омедненная тип SC (Короткий цикл) M 10 x 40 (DIN EN ISO 13918) с бороздкой под покраску;shpilka-resbovaya-omednen-stal-ps.png;P:\upload\Приварной крепеж\_SC\Изображения\shpilka-resbovaya-omednen-stal-ps.png;/upload/drawings/shpilka-resbovaya-omednen-stal-ps.png;https://www.privarka-k97.ru/krepezh/privarnoy_krepyezh/krepezh-dlya-korotkogo-tsikla-sc/sc-shpilka-privarnaya-rezbovaya-pod-pokrasku1/;Номенклатура_Резьбовая шпилька SC под покраску омедн.xlsx;group_default;ТЗ п.4: типовой чертёж PS — проверить, не «чужой» ли для LN
17-LN-10-045;17-LN-10-045 Шпилька резьбовая сталь 4.8 омедненная тип SC (Короткий цикл) M 10 x 45 (DIN EN ISO 13918) с бороздкой под покраску;shpilka-resbovaya-omednen-stal-ps.png;P:\upload\Приварной крепеж\_SC\Изображения\shpilka-resbovaya-omednen-stal-ps.png;/upload/drawings/shpilka-resbovaya-omednen-stal-ps.png;https://www.privarka-k97.ru/krepezh/privarnoy_krepyezh/krepezh-dlya-korotkogo-tsikla-sc/sc-shpilka-privarnaya-rezbovaya-pod-pokrasku1/;Номенклатура_Резьбовая шпилька SC под покраску омедн.xlsx;group_default;ТЗ п.4: типовой чертёж PS — проверить, не «чужой» ли для LN
18-05-010;18-05-010 Шпилька резьбовая SC сталь нержавеющая А2-50 тип PS M 5 x 10 Shcoler+Bolte;Шпилька приварная резьбовая_нерж сталь.jpg;P:\upload\Приварной крепеж\_SC\Чертежи\Шпилька приварная резьбовая_нерж сталь.jpg;/upload/drawings/Шпилька приварная резьбовая_нерж сталь.jpg;https://www.privarka-k97.ru/krepezh/privarnoy_krepyezh/krepezh-dlya-korotkogo-tsikla-sc/sc-shpilka-privarnaya-rezbovaya/;Номенклатура_Шпилька приварная резьбовая .xlsx;audit;Номенклатура: вкладка «Нержавеющая сталь» в xlsx п.5
