IE_NAME;IP_PROP4;CV_PRICE_1;CV_CURRENCY_1;IC_GROUP0;IC_GROUP1;IC_GROUP2
Комплект оборудования для приварки крепежа SW2501;SW2500;980.72;RUB;Оборудование;Оборудование для приварки крепежа;Комплекты оборудования
Блок питания ACCU-TWIN, аккумуляторный;92-10-2380A;1872;RUB;Оборудование;Оборудование для приварки крепежа;Блоки питания
Блок питания CDi 1502;92-10-1502;1696;RUB;Оборудование;Оборудование для приварки крепежа;Блоки питания
Комплект: конденсаторный аппарат CDi 1502 со сварочным пистолетом С 08 ;CDi1502C;2466;RUB;Оборудование;Оборудование для приварки крепежа;Комплекты оборудования
Комплект: конденсаторный аппарат CDi 1502 со сварочным пистолетом СA 08;CDi1502CA;2722.03;RUB;Оборудование;Оборудование для приварки крепежа;Комплекты оборудования
Комплект: конденсаторный аппарат CDi 1502 со сварочным пистолетом CI 03;CDI1502CI;2628;RUB;Оборудование;Оборудование для приварки крепежа;Комплекты оборудования
Блок питания CDi 2302;92-10-2302B;2205;RUB;Оборудование;Оборудование для приварки крепежа;Блоки питания
Комплект: конденсаторный аппарат CDi 2302 со сварочным пистолетом C 08;CDi2302C;2975;RUB;Оборудование;Оборудование для приварки крепежа;Комплекты оборудования
Комплект: конденсаторный аппарат CDi 2302 со сварочным пистолетом CA 08;CDi2302CA;3040;RUB;Оборудование;Оборудование для приварки крепежа;Комплекты оборудования
Блок питания CDi 3102;92-10-3102;2673;RUB;Оборудование;Оборудование для приварки крепежа;Блоки питания
Комплект: конденсаторный аппарат CDi 3102 со сварочным пистолетом C 08;CDi3102C;3444;RUB;Оборудование;Оборудование для приварки крепежа;Комплекты оборудования
Комплект: конденсаторный аппарат CDi 3102 со сварочным пистолетом CA 08;CDi3102CA;3508;RUB;Оборудование;Оборудование для приварки крепежа;Комплекты оборудования
Блок питания Pegasar 500 accu, аккумуляторный;92-10-0500;1840.8;RUB;Оборудование;Оборудование для приварки крепежа;Блоки питания
Комплект: аккумуляторный конденсаторный аппарат Pegasar 500 c пистолетом CI03;P500CI+;3414.6;RUB;Оборудование;Оборудование для приварки крепежа;Комплекты оборудования
Блок питания для приварки гвоздей Pegasar 500 accu ISO, аккумуляторный;92-10-0510;2091.44;RUB;Оборудование;Оборудование для приварки крепежа;Блоки питания
Блок питания Visar 650;93-60-0650;3390;RUB;Оборудование;Оборудование для приварки крепежа;Блоки питания
Комплект: аппарат для дуговой приварки крепежа с керамическими кольцами Visar 650 c пистолетом A12;Visar650AK+;4940;RUB;Оборудование;Оборудование для приварки крепежа;Комплекты оборудования
Блок питания с газовым модулем ARC 800;93-10-0702A;3365;RUB;Оборудование;Оборудование для приварки крепежа;Блоки питания
Комплект: аппарат для дуговой приварки крепежа с керамическими кольцами ARC 800 c пистолетом A12 и кабелем заземления;ARC800AK;5155.28;RUB;Оборудование;Оборудование для приварки крепежа;Комплекты оборудования
Комплект: аппарат для дуговой приварки крепежа в среде защитного газа ARC 800 c пистолетом A12;ARC800AG;4930.64;RUB;Оборудование;Оборудование для приварки крепежа;Комплекты оборудования
Блок питания IT 1002;93-60-1202;6100;RUB;Оборудование;Оборудование для приварки крепежа;Блоки питания
Комплект: аппарат для сварки в защитном газе IT 1002 в комплекте cо сварочным пистолетом A12;IT1002A12G;7600;RUB;Оборудование;Оборудование для приварки крепежа;Комплекты оборудования
Комплект: аппарат для сварки с керамическим кольцом IT 1002 со сварочным пистолетом A12;IT1002A12K;7462;RUB;Оборудование;Оборудование для приварки крепежа;Комплекты оборудования
Блок питания Visar 1200;93-60-0120;;RUB;Оборудование;Оборудование для приварки крепежа;Блоки питания
Блок питания IT 2002;93-60-2202;11008;RUB;Оборудование;Оборудование для приварки крепежа;Блоки питания
Комплект: аппарат для приварки крепежа с керамическим кольцом IT 2002 c пистолетом A22;IT2002A22K;13485;RUB;Оборудование;Оборудование для приварки крепежа;Комплекты оборудования
Блок питания IT 90;92-20-256;;RUB;Оборудование;Оборудование для приварки крепежа;Блоки питания
Сварочный аппарат для приварки крепежа в автоматическом режиме CDi 1502 AT;92-10-1504B;3682;RUB;Оборудование;Оборудование для приварки крепежа;Полуавтоматическая установка
Блок питания CDMi 2402А;92-10-22412B;5394;RUB;Оборудование;Оборудование для приварки крепежа;Полуавтоматическая установка
Сварочная установка с ЧПУ - CPW 600×400 с одной сварочной головкой;CPW600-400;;RUB;Оборудование;Оборудование для приварки крепежа;Автоматические установки CPW и MPW
Сварочная установка с ЧПУ - MPW 1250×1050, до 4-х сварочных головок;MPW1250-1050;;RUB;Оборудование;Оборудование для приварки крепежа;Автоматические установки CPW и MPW
Сварочная установка с ЧПУ - MPW 1250×2250, до 4-х сварочных головок;MPW1250-2250;;RUB;Оборудование;Оборудование для приварки крепежа;Автоматические установки CPW и MPW
Сварочный пистолет С 08 (М3-М10);92-20-256;666;RUB;Оборудование;Оборудование для приварки крепежа;Сварочные пистолеты 
Сварочный пистолет СA 08 (М3-М10);92-20-255;730;RUB;Оборудование;Оборудование для приварки крепежа;Сварочные пистолеты 
Сварочный пистолет СI 03 (ø2-3);92-20-254;756;RUB;Оборудование;Оборудование для приварки крепежа;Сварочные пистолеты 
Сварочный пистолет C 06-3;92-20-275;597;RUB;Оборудование;Оборудование для приварки крепежа;Сварочные пистолеты 
Сварочный пистолет A 12 (М3-М12);93-20-270;1083;RUB;Оборудование;Оборудование для приварки крепежа;Сварочные пистолеты 
Сварочный пистолет A 16 (ø3-ø16мм);93-20-280;2219;RUB;Оборудование;Оборудование для приварки крепежа;Сварочные пистолеты 
Сварочный пистолет A 22 (ø14-ø22мм);93-20-290;2543;RUB;Оборудование;Оборудование для приварки крепежа;Сварочные пистолеты 
Сварочный пистолет A 12FL ISO (гвозди ø3-ø6) кабель 10 м;93-20-26010;1067;RUB;Оборудование;Оборудование для приварки крепежа;Сварочные пистолеты 
Сварочный пистолет A 12FL ISO (гвозди ø3-ø6) кабель 5 м;93-20-260;1010;RUB;Оборудование;Оборудование для приварки крепежа;Сварочные пистолеты 
