IE_CODE;IE_NAME;IP_PROP4;IE_ACTIVE;IE_PREVIEW_PICTURE;IE_PREVIEW_TEXT;IE_PREVIEW_TEXT_TYPE;IE_DETAIL_PICTURE;IE_DETAIL_TEXT;IE_DETAIL_TEXT_TYPE;IE_SORT;IP_PROP18;IP_PROP9;IP_PROP19;IP_PROP14;IP_PROP20;IP_PROP21;IP_PROP22;IP_PROP10;IP_PROP13;IP_PROP23;IP_PROP24;IP_PROP11;IP_PROP12;IP_PROP25;IP_PROP26;IP_PROP27;IP_PROP28;IP_PROP29;IC_GROUP0;IC_GROUP1;IC_GROUP2
Блок питания ACCU-TWIN (2 шп.× М3), аккумуляторный;Блок питания ACCU-TWIN (2 шп.× М3), аккумуляторный;93-60-0650;Y;ACCU-TWIN.png;Для крепления счетчиков тепла к панельным радиаторам;text;ACCU-TWIN.png;;text;500;;Конденсаторная сварка крепежа CD;Углеродистая сталь|Нержавеющая сталь;Углеродистая сталь|Нержавеющая сталь;от 0,6 мм;Нет;Нет;;М3;d 3 мм / M3;1|2|3|4|5|6|7|8|9|10;Шпилька;;360;135;210;7;;Оборудование;Оборудование для приварки крепежа;Блоки питания
Блок питания CD - 1502 (М3-М6), 220в;Блок питания CD - 1502 (М3-М6), 220в;93-10-0702A;Y;cdi1502.png;;text;cdi1502.png;;text;500;Инверторное;Конденсаторная сварка крепежа CD;Углеродистая сталь|Нержавеющая сталь|Латунь|Алюминий;Углеродистая сталь|Нержавеющая сталь|Омедненная сталь|Латунь|Алюминий;от 0,6 мм;Нет;Нет;Да;М3-М6;"d 2,0 мм (гвоздь) |
d 2,7 мм (чашеобразный гвоздь) |
d 3 мм / M3 |
d 4 мм / M4 |
d 5 мм / M5 |
d 6 мм / M6 |
d 6,3 мм (контакт заземления)";1|2|3|4|5|6|7|8|9|10;Шпилька|Втулка с внутренней резьбой|Контакт заземления|Гайка|Стад-болт (гибкий упор)|Изоляционный гвоздь|Пруток|Чашеообразный гвоздь ;Да;400;205;250;14;IP23;Оборудование;Оборудование для приварки крепежа;Блоки питания
Блок питания CD - 2302 (М3-М8), 220в;Блок питания CD - 2302 (М3-М8), 220в;93-60-1202;Y;cdi2302.png;;text;cdi2302.png;;text;500;Инверторное;Конденсаторная сварка крепежа CD;Углеродистая сталь|Нержавеющая сталь|Латунь|Алюминий;Углеродистая сталь|Нержавеющая сталь|Омедненная сталь|Латунь|Алюминий;от 0,6 мм;Нет;Нет;;М3-М8;"d 3 мм / M3 |
d 4 мм / M4 |
d 5 мм / M5 |
d 6 мм / M6 |
d 6,3 мм (контакт заземления) |
d 7,1 мм (резьбовая втулка) |
d 8 мм / M8
";1|2|3|4|5|6|7|8|9|10;Шпилька|Втулка с внутренней резьбой|Контакт заземления;Да;480;205;250;17;IP24;Оборудование;Оборудование для приварки крепежа;Блоки питания
Блок питания CD - 3102 (М3-М10), 220в  ;Блок питания CD - 3102 (М3-М10), 220в  ;93-60-0120;Y;cdi3102.png;;text;cdi3102.png;;text;500;Инверторное;Конденсаторная сварка крепежа CD;Углеродистая сталь|Нержавеющая сталь|Латунь|Алюминий;Углеродистая сталь|Нержавеющая сталь|Омедненная сталь|Латунь|Алюминий;от 0,6 мм;Нет;Нет;;М3-М10;"d 3 мм / M3 |
d 4 мм / M4 |
d 5 мм / M5 |
d 6 мм / M6 |
d 6,3 мм (контакт заземления) |
d 7,1 мм (резьбовая втулка) |
d 8 мм / M8 |
d 10 мм / M10
";1|2|3|4|5|6|7|8|9|10;Шпилька|Втулка с внутренней резьбой;Да;570;285;290;27;IP25;Оборудование;Оборудование для приварки крепежа;Блоки питания
Блок питания Pegasar 500 accu (M3-M6), аккумуляторный;Блок питания Pegasar 500 accu (M3-M6), аккумуляторный;93-60-2202;Y;pegasar500accu.png;;text;pegasar500accu.png;;text;500;Инверторное;Конденсаторная сварка крепежа CD;Углеродистая сталь|Нержавеющая сталь;Углеродистая сталь|Нержавеющая сталь;от 0,6 мм;Нет;Нет;;М3-М6;"d 3 мм / M3 |
d 4 мм / M4 |
d 5 мм / M5 |
d 6 мм / M6 |
d 6,3 мм (контакт заземления)";1|2|3|4|5|6|7|8|9|10;Шпилька|Втулка с внутренней резьбой|Контакт заземления;Да;475;300;355;12;IP44;Оборудование;Оборудование для приварки крепежа;Блоки питания
Блок питания Pegasar 500 accu ISO(M3-M6), аккумуляторный;Блок питания Pegasar 500 accu ISO(M3-M6), аккумуляторный;93-60-12096;Y;pegasar500accuinsulation.png;;text;pegasar500accuinsulation.png;;text;500;Инверторное;Конденсаторная сварка крепежа CD;Углеродистая сталь|Нержавеющая сталь;Углеродистая сталь|Нержавеющая сталь;от 0,6 мм;Нет;Нет;Да;Штифты с чашевидной головкой диаметром 2 и 2,7 мм CD Гвоздь ISO диаметром 2 и 3 мм;"d 2,0 мм (гвоздь) |
d 2,7 мм (чашеобразный гвоздь) |
d 3 мм / M3
";1|2|3|4|5|6|7|8|9|10;Изоляционный гвоздь|Чашеообразный гвоздь ;Нет;475;300;355;12;IP44;Оборудование;Оборудование для приварки крепежа;Блоки питания
Блок питания Visar 650 (M3-M10), 220в ;Блок питания Visar 650 (M3-M10), 220в ;92-10-1504;Y;visar650.png;;text;visar650.png;;text;500;Инверторное;Дуговая сварка с керамическим кольцом ARC;Углеродистая сталь|Нержавеющая сталь;Углеродистая сталь|Нержавеющая сталь;от 2 мм;Нет;Да;Да;М3-М10;"d 3 мм / M3 |
d 4 мм / M4 |
d 5 мм / M5 |
d 6 мм / M6 |
d 6,3 мм (контакт заземления) |
d 7,1 мм (резьбовая втулка) |
d 8 мм / M8 |
d 10 мм / M10
";10|11|12|13|14|15|16|17|18|19|20|21|22|23|24|25|26|27|28|29|30|31|32|33|34|35|36|37|38|39|40|41|42|43|44|45|46|47|48|49|50|51|52|53|54|55|56|57|58|59|60|61|62|63|64|65|66|67|68|69|70|71|72|73|74|75|76|77|78|79|80|81|82|83|84|85|86|87|88|89|90|91|92|93|94|95|96|97|98|99|100|101|102|103|104|105|106|107|108|109|110|111|112|113|114|115|116|117|118|119|120|121|122|123|124|125|126|127|128|129|130|131|132|133|134|135|136|137|138|139|140|141|142|143|144|145|146|147|148|149|150|151|152|153|154|155|156|157|158|159|160|161|162|163|164|165|166|167|168|169|170;Шпилька|Втулка с внутренней резьбой|Стад-болт (гибкий упор)|Изоляционный гвоздь;Да;474;337;351;18;IP44;Оборудование;Оборудование для приварки крепежа;Блоки питания
Блок питания ARC 800 (М3-М12), 380в;Блок питания ARC 800 (М3-М12), 380в;92-10-22412;Y;arc800.png;;text;arc800.png;;text;500;Трансформатор;Дуговая сварка с керамическим кольцом ARC|Дуговая сварка в защитном газе ARC|Короткий цикл SC;Углеродистая сталь|Нержавеющая сталь;Углеродистая сталь|Нержавеющая сталь;от 2 мм;Нет;Да;;М3-М12;"d 3 мм / M3 |
d 4 мм / M4 |
d 5 мм / M5 |
d 6 мм / M6 |
d 6,3 мм (контакт заземления) |
d 7,1 мм (резьбовая втулка) |
d 8 мм / M8 |
d 10 мм / M10 |
d 12 мм / M12
";10|11|12|13|14|15|16|17|18|19|20|21|22|23|24|25|26|27|28|29|30|31|32|33|34|35|36|37|38|39|40|41|42|43|44|45|46|47|48|49|50|51|52|53|54|55|56|57|58|59|60|61|62|63|64|65|66|67|68|69|70|71|72|73|74|75|76|77|78|79|80|81|82|83|84|85|86|87|88|89|90|91|92|93|94|95|96|97|98|99|100|101|102|103|104|105|106|107|108|109|110|111|112|113|114|115|116|117|118|119|120|121|122|123|124|125|126|127|128|129|130|131|132|133|134|135|136|137|138|139|140|141|142|143|144|145|146|147|148|149|150|151|152|153|154|155|156|157|158|159|160|161|162|163|164|165|166|167|168|169|170;Шпилька|Втулка с внутренней резьбой|Стад-болт (гибкий упор);Да;470;230;220;40;IP23;Оборудование;Оборудование для приварки крепежа;Блоки питания
Блок питания IT 1002 (М3-М16), 380в ;Блок питания IT 1002 (М3-М16), 380в ;;Y;IT1002.png;;text;IT1002.png;;text;500;Инверторное;Дуговая сварка с керамическим кольцом ARC|Дуговая сварка в защитном газе ARC|Дуговая сварка в магнитном поле|Короткий цикл SC;Углеродистая сталь|Нержавеющая сталь;Углеродистая сталь|Нержавеющая сталь;от 2 мм;Нет;Да;Да;М3-М16;"d 3 мм / M3 |
d 4 мм / M4 |
d 5 мм / M5 |
d 6 мм / M6 |
d 6,3 мм (контакт заземления) |
d 7,1 мм (резьбовая втулка) |
d 8 мм / M8 |
d 10 мм / M10 |
d 12 мм / M12 |  Ø 13  мм / 1/2"" |
d 16 мм / M16 / 5/8""

";10|11|12|13|14|15|16|17|18|19|20|21|22|23|24|25|26|27|28|29|30|31|32|33|34|35|36|37|38|39|40|41|42|43|44|45|46|47|48|49|50|51|52|53|54|55|56|57|58|59|60|61|62|63|64|65|66|67|68|69|70|71|72|73|74|75|76|77|78|79|80|81|82|83|84|85|86|87|88|89|90|91|92|93|94|95|96|97|98|99|100|101|102|103|104|105|106|107|108|109|110|111|112|113|114|115|116|117|118|119|120|121|122|123|124|125|126|127|128|129|130|131|132|133|134|135|136|137|138|139|140|141|142|143|144|145|146|147|148|149|150|151|152|153|154|155|156|157|158|159|160|161|162|163|164|165|166|167|168|169|170;Шпилька|Втулка с внутренней резьбой|Гайка|Бонка (резьбовая полностью проходная втулка)|Стад-болт (гибкий упор)|Изоляционный гвоздь;Да;660;280;340;31;IP24;Оборудование;Оборудование для приварки крепежа;Блоки питания
Блок питания Visar 1200 (М3-М16), 380в;Блок питания Visar 1200 (М3-М16), 380в;;Y;visar1200.png;;text;visar1200.png;;text;500;Инверторное;Дуговая сварка с керамическим кольцом ARC|Дуговая сварка в защитном газе ARC|Короткий цикл SC;Углеродистая сталь|Нержавеющая сталь;Углеродистая сталь|Нержавеющая сталь;от 2 мм;Нет;Да;;М3-М16;"d 3 мм / M3 |
d 4 мм / M4 | 
d 5 мм / M5 |
d 6 мм / M6 |
d 6,3 мм (контакт заземления) |
d 7,1 мм (резьбовая втулка) |
d 8 мм / M8 |
d 10 мм / M10 |
d 12 мм / M12 |   Ø 13  мм / 1/2"" |
d 16 мм / M16 / 5/8""

";10|11|12|13|14|15|16|17|18|19|20|21|22|23|24|25|26|27|28|29|30|31|32|33|34|35|36|37|38|39|40|41|42|43|44|45|46|47|48|49|50|51|52|53|54|55|56|57|58|59|60|61|62|63|64|65|66|67|68|69|70|71|72|73|74|75|76|77|78|79|80|81|82|83|84|85|86|87|88|89|90|91|92|93|94|95|96|97|98|99|100|101|102|103|104|105|106|107|108|109|110|111|112|113|114|115|116|117|118|119|120|121|122|123|124|125|126|127|128|129|130|131|132|133|134|135|136|137|138|139|140|141|142|143|144|145|146|147|148|149|150|151|152|153|154|155|156|157|158|159|160|161|162|163|164|165|166|167|168|169|170;Шпилька|Втулка с внутренней резьбой|Стад-болт (гибкий упор);Да;473;355;358;20,5;IP43;Оборудование;Оборудование для приварки крепежа;Блоки питания
Блок питания IT 2002 (М3-М24), 380в ;Блок питания IT 2002 (М3-М24), 380в ;;Y;IT2002.png;;text;IT2002.png;;text;500;Инверторное;Дуговая сварка с керамическим кольцом ARC|Дуговая сварка в защитном газе ARC|Короткий цикл SC;Углеродистая сталь|Нержавеющая сталь;Углеродистая сталь|Нержавеющая сталь;от 2 мм;Нет;Да;;М3-М24;"d 3 мм / M3 |
d 4 мм / M4 |
d 5 мм / M5 |
d 6 мм / M6 |
d 6,3 мм (контакт заземления) |
d 7,1 мм (резьбовая втулка) |
d 8 мм / M8 |
d 10 мм / M10 |
d 12 мм / M12 |
d 13  мм / 1/2"" |
d 16 мм / M16 / 5/8"" |
d 19 мм / 3/4"" |
d 20 мм / M20 |
d 22 мм / 7/8"" |
d 24 мм / M24 |";10|11|12|13|14|15|16|17|18|19|20|21|22|23|24|25|26|27|28|29|30|31|32|33|34|35|36|37|38|39|40|41|42|43|44|45|46|47|48|49|50|51|52|53|54|55|56|57|58|59|60|61|62|63|64|65|66|67|68|69|70|71|72|73|74|75|76|77|78|79|80|81|82|83|84|85|86|87|88|89|90|91|92|93|94|95|96|97|98|99|100|101|102|103|104|105|106|107|108|109|110|111|112|113|114|115|116|117|118|119|120|121|122|123|124|125|126|127|128|129|130|131|132|133|134|135|136|137|138|139|140|141|142|143|144|145|146|147|148|149|150|151|152|153|154|155|156|157|158|159|160|161|162|163|164|165|166|167|168|169|170;Шпилька|Втулка с внутренней резьбой|Стад-болт (гибкий упор);Да;600;500;830;95;IP23;Оборудование;Оборудование для приварки крепежа;Блоки питания
Блок питания IT 90  (М3-М24), 380в ;Блок питания IT 90  (М3-М24), 380в ;92-20-256;Y;IT90.png;;text;IT90.png;;text;500;Инверторное;Дуговая сварка с керамическим кольцом ARC|Дуговая сварка в защитном газе ARC|Короткий цикл SC;Углеродистая сталь|Нержавеющая сталь;Углеродистая сталь|Нержавеющая сталь;от 2 мм;Нет;Да;;М3-М24;"d 3 мм / M3 |
d 4 мм / M4 |
d 5 мм / M5 |
d 6 мм / M6 |
d 6,3 мм (контакт заземления) |
d 7,1 мм (резьбовая втулка) |
d 8 мм / M8 |
d 10 мм / M10 |
d 12 мм / M12 |
d 13  мм / 1/2"" |
d 16 мм / M16 / 5/8"" |
d 19 мм / 3/4"" |
d 20 мм / M20 |
d 22 мм / 7/8"" |
d 24 мм / M25 |";10|11|12|13|14|15|16|17|18|19|20|21|22|23|24|25|26|27|28|29|30|31|32|33|34|35|36|37|38|39|40|41|42|43|44|45|46|47|48|49|50|51|52|53|54|55|56|57|58|59|60|61|62|63|64|65|66|67|68|69|70|71|72|73|74|75|76|77|78|79|80|81|82|83|84|85|86|87|88|89|90|91|92|93|94|95|96|97|98|99|100|101|102|103|104|105|106|107|108|109|110|111|112|113|114|115|116|117|118|119|120|121|122|123|124|125|126|127|128|129|130|131|132|133|134|135|136|137|138|139|140|141|142|143|144|145|146|147|148|149|150|151|152|153|154|155|156|157|158|159|160|161|162|163|164|165|166|167|168|169|170;Шпилька|Втулка с внутренней резьбой|Стад-болт (гибкий упор);Да;650;560;1290;145;IP21;Оборудование;Оборудование для приварки крепежа;Блоки питания
Блок питания CD - 1502А (М3-М6), 220в со сварочным пистолетом PAH-1 и бункером автоматической поДачи крепежа VBZ-3;Блок питания CD - 1502А (М3-М6), 220в со сварочным пистолетом PAH-1 и бункером автоматической поДачи крепежа VBZ-3;92-20-255;Y;cdi1502at.png;;text;cdi1502at.png;;text;500;Инверторное;Автоматическая приварка крепежа;Углеродистая сталь|Нержавеющая сталь|Латунь|Алюминий;Углеродистая сталь|Нержавеющая сталь|Омедненная сталь|Латунь|Алюминий;от 0,6 мм;Нет;;;М3-М6;"d 2,0 мм (гвоздь) |
d 2,7 мм (чашеобразный гвоздь) |
d 3 мм / M3 |
d 4 мм / M4 | 
d 5 мм / M5 |
d 6 мм / M6 |
d 6,3 мм (контакт заземления)";;Шпилька|Втулка с внутренней резьбой|Контакт заземления|Изоляционный гвоздь|Чашеообразный гвоздь ;Да;400;205;250;14;IP23;Оборудование;Оборудование для приварки крепежа;Блоки питания
Блок питания CDMi - 2402А (М3-М8), 220в со сварочным пистолетом PAH-1 и бункером автоматической поДачи крепежа VBZ-3;Блок питания CDMi - 2402А (М3-М8), 220в со сварочным пистолетом PAH-1 и бункером автоматической поДачи крепежа VBZ-3;92-20-254;Y;cdmi2402.png;;text;cdmi2402.png;;text;500;Инверторное;Автоматическая приварка крепежа;Углеродистая сталь|Нержавеющая сталь|Латунь|Алюминий;;;Нет;;;М3-М8;"d 3 мм / M3 |
d 4 мм / M4 |
d 5 мм / M5 |
d 6 мм / M6 |
d 6,3 мм (контакт заземления) |
d 7,1 мм (резьбовая втулка) |
d 8 мм / M8
";;Шпилька|Втулка с внутренней резьбой|Стад-болт (гибкий упор);Да;570;285;290;26;IP21;Оборудование;Оборудование для приварки крепежа;Полуавтоматическая установка
Сварочная установка с ЧПУ - CPW 600×400, (М3-М8) с одной сварочной головкой;Сварочная установка с ЧПУ - CPW 600×400, (М3-М8) с одной сварочной головкой;92-20-275;Y;CPW0604.png;;text;CPW0604.png;;text;500;;Автоматическая приварка крепежа;;;;Нет;;;М3-М8;"d 3 мм / M3 |
d 4 мм / M4 |
d 5 мм / M5 |
d 6 мм / M6 |
d 6,3 мм (контакт заземления) |
d 7,1 мм (резьбовая втулка) |
d 8 мм / M8
";;Шпилька|Втулка с внутренней резьбой;Да;1600;950;1900;640;;Оборудование;Оборудование для приварки крепежа;Автоматические установки CPW и MPW
Сварочная установка с ЧПУ - MPW 1250×1050 (M3-M8), до 4-х сварочных головок;Сварочная установка с ЧПУ - MPW 1250×1050 (M3-M8), до 4-х сварочных головок;93-20-270;Y;MPW2010.png;;text;MPW2010.png;;text;500;;Автоматическая приварка крепежа;;;;Нет;;;М3-М8;"d 3 мм / M3 |
d 4 мм / M4 |
d 5 мм / M5 |
d 6 мм / M6 |
d 6,3 мм (контакт заземления) |
d 7,1 мм (резьбовая втулка) |
d 8 мм / M8
";;Шпилька|Втулка с внутренней резьбой;Да;2400;2700;3100;;;Оборудование;Оборудование для приварки крепежа;Автоматические установки CPW и MPW
Сварочная установка с ЧПУ - MPW 1250×2250 (M3-M8), до 4-х сварочных головок;Сварочная установка с ЧПУ - MPW 1250×2250 (M3-M8), до 4-х сварочных головок;93-20-280;Y;MPW2010.png;;text;MPW2010.png;;text;500;;Автоматическая приварка крепежа;;;;Нет;;;М3-М8;"d 3 мм / M3 |
d 4 мм / M4 |
d 5 мм / M5 |
d 6 мм / M6 |
d 6,3 мм (контакт заземления) |
d 7,1 мм (резьбовая втулка) |
d 8 мм / M8
";;Шпилька|Втулка с внутренней резьбой;Да;3600;2700;3100;;;Оборудование;Оборудование для приварки крепежа;Автоматические установки CPW и MPW
Сварочный пистолет С 08 (М3-М10);Сварочный пистолет С 08 (М3-М10);93-20-290;Y;pistoletC08nk.png;;text;pistoletC08nk.png;;text;500;;Конденсаторная сварка крепежа CD;;;от 0,6 мм;Нет;;Да;М3-М10;"d 3 мм / M3 | 
d 4 мм / M4 |
d 5 мм / M5 | 
d 6 мм / M6 |
d 6,3 мм (контакт заземления) |
d 7,1 мм (резьбовая втулка) |
d 8 мм / M8 |
d 10 мм / M10
";6|7|8|9|10|11|12|13|14|15|16|17|18|19|20|21|22|23|24|25|26|27|28|29|30|31|32|33|34|35|36|37|38|39|40;;;170;40;140;0,5;IP 20;Оборудование;Оборудование для приварки крепежа;Сварочные пистолеты 
Сварочный пистолет СA 08 (М3-М10);Сварочный пистолет СA 08 (М3-М10);93-20-260;Y;pistoletCA08.png;;text;pistoletCA08.png;;text;500;;Конденсаторная сварка крепежа CD|Дуговая сварка крепежа ARC;;;от 0,6 мм;Нет;;;М3-М10;"d 3 мм / M3 |
d 4 мм / M4 |
d 5 мм / M5 |
d 6 мм / M6 |
d 6,3 мм (контакт заземления) |
d 7,1 мм (резьбовая втулка) |
d 8 мм / M8 |
d 10 мм / M10
";6|7|8|9|10|11|12|13|14|15|16|17|18|19|20|21|22|23|24|25|26|27|28|29|30|31|32|33|34|35|36|37|38|39|40;;;190;40;140;0,7;IP 20;Оборудование;Оборудование для приварки крепежа;Сварочные пистолеты 
Сварочный пистолет СI 03 (ø2-3);Сварочный пистолет СI 03 (ø2-3);;Y;pistoletCI03.png;;text;pistoletCI03.png;;text;500;;Конденсаторная сварка крепежа CD;;;;Нет;;Да;Диаметр 2-3;"d 2,0 мм (гвоздь) |
d 2,7 мм (чашеобразный гвоздь)
";9|10|11|12|13|14|15|16|17|18|19|20|21|22|23|24|25|26|27|28|29|30|31|32|33|34|35|36|37|38|39|40|41|42|43|44|45|46|47|48|49|50|51|52|53|54|55|56|57|58|59|60|61|62|63|64|65|66|67|68|69|70|71|72|73|74|75|76|77|78|79|80|81|82|83|84|85|86|87|88|89|90|91|92|93|94|95|96|97|98|99|100|101|102|103|104|105|106|107|108|109|110|111|112|113|114|115|116|117|118|119|120|121|122|123|124|125|126|127|128|129|130|131|132|133|134|135|136|137|138|139|140|141|142|143|144|145|146|147|148|149|150|151|152;;;175;50;145;0,7;IP 20;Оборудование;Оборудование для приварки крепежа;Сварочные пистолеты 
Сварочный пистолет C 06-3;Сварочный пистолет C 06-3;;Y;pistoletC06-3.png;;text;pistoletC06-3.png;;text;500;;Конденсаторная сварка крепежа CD;;;от 0,6 мм;Нет;;;M3 до M6;"d 3 мм / M3 |
d 4 мм / M4 |
d 5 мм / M5 |
d 6 мм / M6
";6|7|8|9|10|11|12|13|14|15|16|17|18|19|20|21|22|23|24|25|26|27|28|29|30|31|32|33|34|35|36|37|38|39|40;;;170;40;140;0,5;IP 20;Оборудование;Оборудование для приварки крепежа;Сварочные пистолеты 
Сварочный пистолет A 12 (М3-М12);Сварочный пистолет A 12 (М3-М12);;Y;pistoletA12PSC1.png;;text;pistoletA12PSC1.png;;text;500;;Дуговая сварка крепежа ARC;;;от 2 мм;Нет;;Да;М3-М12;"d 3 мм / M3 |
d 4 мм / M4 |
d 5 мм / M5 |
d 6 мм / M6 |
d 6,3 мм (контакт заземления) |
d 7,1 мм (резьбовая втулка) |
d 8 мм / M8 |
d 10 мм / M10 |
d 12 мм / M12
";10|11|12|13|14|15|16|17|18|19|20|21|22|23|24|25|26|27|28|29|30|31|32|33|34|35|36|37|38|39|40|41|42|43|44|45|46|47|48|49|50|51|52|53|54|55|56|57|58|59|60|61|62|63|64|65|66|67|68|69|70|71|72|73|74|75|76|77|78|79|80|81|82|83|84|85|86|87|88|89|90|91|92|93|94|95|96|97|98|99|100|101|102|103|104|105|106|107|108|109|110|111|112|113|114|115|116|117|118|119|120|121|122|123|124|125|126|127|128|129|130|131|132|133|134|135|136|137|138|139|140|141|142|143|144|145|146|147|148|149|150|151|152|153|154|155|156|157|158|159|160|161|162|163|164|165|166|167|168|169|170|171|172|173|174|175|176|177|178|179|180|181|182|183|184|185|186|187|188|189|190|191|192|193|194|195|196|197|198|199|200|201|202|203|204|205|206|207|208|209|210|211|212|213|214|215|216|217|218|219|220|221|222|223|224|225|226|227|228|229|230|231|232|233|234|235|236|237|238|239|240|241|242|243|244|245|246|247|248|249|250|251|252|253|254|255|256|257|258|259|260|261|262|263|264|265|266|267|268|269|270|271|272|273|274|275|276|277|278|279|280|281|282|283|284|285|286|287|288|289|290|291|292|293|294|295|296|297|298|299|300|301|302|303|304|305|306|307|308|309|310|311|312|313|314|315|316|317|318|319|320|321|322|323|324|325|326|327|328|329|330|331|332|333|334|335|336|337|338|339|340|341|342|343|344|345|346|347|348|349|350|351|352|353|354|355|356|357|358|359|360|361|362|363|364|365|366|367|368|369|370|371|372|373|374|375|376|377|378|379|380|381|382|383|384|385|386|387|388|389|390|391|392|393|394|395|396|397|398|399|400;;;200;65;140;0,8;IP 20;Оборудование;Оборудование для приварки крепежа;Сварочные пистолеты 
Сварочный пистолет A 16 (ø3-ø16мм);Сварочный пистолет A 16 (ø3-ø16мм);;Y;pistoletA16.png;;text;pistoletA16.png;;text;500;;Дуговая сварка крепежа ARC;;;от 2 мм;Нет;;;Диаметр 3-16;"d 3 мм / M3 |
d 4 мм / M4 |
d 5 мм / M5 |
d 6 мм / M6 |
d 6,3 мм (контакт заземления) |
d 7,1 мм (резьбовая втулка) |
d 8 мм / M8 |
d 10 мм / M10 |
d 12 мм / M12 |
d 13  мм / 1/2"" |
d 16 мм / M16 / 5/8""
";10|11|12|13|14|15|16|17|18|19|20|21|22|23|24|25|26|27|28|29|30|31|32|33|34|35|36|37|38|39|40|41|42|43|44|45|46|47|48|49|50|51|52|53|54|55|56|57|58|59|60|61|62|63|64|65|66|67|68|69|70|71|72|73|74|75|76|77|78|79|80|81|82|83|84|85|86|87|88|89|90|91|92|93|94|95|96|97|98|99|100|101|102|103|104|105|106|107|108|109|110|111|112|113|114|115|116|117|118|119|120|121|122|123|124|125|126|127|128|129|130|131|132|133|134|135|136|137|138|139|140|141|142|143|144|145|146|147|148|149|150|151|152|153|154|155|156|157|158|159|160|161|162|163|164|165|166|167|168|169|170|171|172|173|174|175|176|177|178|179|180|181|182|183|184|185|186|187|188|189|190|191|192|193|194|195|196|197|198|199|200|201|202|203|204|205|206|207|208|209|210|211|212|213|214|215|216|217|218|219|220|221|222|223|224|225|226|227|228|229|230|231|232|233|234|235|236|237|238|239|240;;;260;74;220;2;IP 20;Оборудование;Оборудование для приварки крепежа;Сварочные пистолеты 
Сварочный пистолет A 22 (ø14-ø22мм);Сварочный пистолет A 22 (ø14-ø22мм);;Y;pistoletA22.png;;text;pistoletA22.png;;text;500;;Дуговая сварка крепежа ARC;;;от 2 мм;Нет;;;Диаметр 14-22;"d 13  мм / 1/2"" |
d 16 мм / M16 / 5/8"" |
d 19 мм / 3/4"" |
d 20 мм / M20 |
d 22 мм / 7/8""
";10|11|12|13|14|15|16|17|18|19|20|21|22|23|24|25|26|27|28|29|30|31|32|33|34|35|36|37|38|39|40|41|42|43|44|45|46|47|48|49|50|51|52|53|54|55|56|57|58|59|60|61|62|63|64|65|66|67|68|69|70|71|72|73|74|75|76|77|78|79|80|81|82|83|84|85|86|87|88|89|90|91|92|93|94|95|96|97|98|99|100|101|102|103|104|105|106|107|108|109|110|111|112|113|114|115|116|117|118|119|120|121|122|123|124|125|126|127|128|129|130|131|132|133|134|135|136|137|138|139|140|141|142|143|144|145|146|147|148|149|150|151|152|153|154|155|156|157|158|159|160|161|162|163|164|165|166|167|168|169|170|171|172|173|174|175|176|177|178|179|180|181|182|183|184|185|186|187|188|189|190|191|192|193|194|195|196|197|198|199|200|201|202|203|204|205|206|207|208|209|210|211|212|213|214|215|216|217|218|219|220|221|222|223|224|225|226|227|228|229|230|231|232|233|234|235|236|237|238|239|240|241|242|243|244|245|246|247|248|249|250|251|252|253|254|255|256|257|258|259|260|261|262|263|264|265|266|267|268|269|270|271|272|273|274|275|276|277|278|279|280|281|282|283|284|285|286|287|288|289|290|291|292|293|294|295|296|297|298|299|300|301|302|303|304|305|306|307|308|309|310|311|312|313|314|315|316|317|318|319|320|321|322|323|324|325|326|327|328|329|330|331|332|333|334|335|336|337|338|339|340|341|342|343|344|345|346|347|348|349|350|351|352|353|354|355|356|357|358|359|360|361|362|363|364|365|366|367|368|369|370|371|372|373|374|375|376|377|378|379|380|381|382|383|384|385|386|387|388|389|390;;;260;74;220;2;IP 20;Оборудование;Оборудование для приварки крепежа;Сварочные пистолеты 
Сварочный пистолет A 12FL (гвозди ø3-ø6);Сварочный пистолет A 12FL (гвозди ø3-ø6);;Y;pistoletA12FL.png;;text;pistoletA12FL.png;;text;500;;Дуговая сварка крепежа ARC;;;от 2 мм;Нет;;Да;M3 - M12 гвозди диаметром 3-6;"d 3 мм / M3 |
d 4 мм / M4 |
d 5 мм / M5 |
d 6 мм / M6 |
d 6,3 мм (контакт заземления) |
d 7,1 мм (резьбовая втулка) |
d 8 мм / M8 |
d 10 мм / M10 |
d 12 мм / M12
";10|11|12|13|14|15|16|17|18|19|20|21|22|23|24|25|26|27|28|29|30|31|32|33|34|35|36|37|38|39|40|41|42|43|44|45|46|47|48|49|50|51|52|53|54|55|56|57|58|59|60|61|62|63|64|65|66|67|68|69|70|71|72|73|74|75|76|77|78|79|80|81|82|83|84|85|86|87|88|89|90|91|92|93|94|95|96|97|98|99|100|101|102|103|104|105|106|107|108|109|110|111|112|113|114|115|116|117|118|119|120|121|122|123|124|125|126|127|128|129|130|131|132|133|134|135|136|137|138|139|140|141|142|143|144|145|146|147|148|149|150|151|152|153|154|155|156|157|158|159|160|161|162|163|164|165|166|167|168|169|170|171|172|173|174|175|176|177|178|179|180|181|182|183|184|185|186|187|188|189|190|191|192|193|194|195|196|197|198|199|200|201|202|203|204|205|206|207|208|209|210|211|212|213|214|215|216|217|218|219|220|221|222|223|224|225|226|227|228|229|230|231|232|233|234|235|236|237|238|239|240|241|242|243|244|245|246|247|248|249|250|251|252|253|254|255|256|257|258|259|260|261|262|263|264|265|266|267|268|269|270|271|272|273|274|275|276|277|278|279|280|281|282|283|284|285|286|287|288|289|290|291|292|293|294|295|296|297|298|299|300|301|302|303|304|305|306|307|308|309|310|311|312|313|314|315|316|317|318|319|320|321|322|323|324|325|326|327|328|329|330|331|332|333|334|335|336|337|338|339|340|341|342|343|344|345|346|347|348|349|350|351|352|353|354|355|356|357|358|359|360|361|362|363|364|365|366|367|368|369|370|371|372|373|374|375|376|377|378|379|380|381|382|383|384|385|386|387|388|389|390|391|392|393|394|395|396|397|398|399|400;;;200;65;140;0,8;IP 20;Оборудование;Оборудование для приварки крепежа;Сварочные пистолеты 
