IE_CODE;IE_NAME;IP_PROP39;IP_PROP4;IE_PREVIEW_PICTURE;IE_PREVIEW_TEXT;IE_DETAIL_PICTURE;IE_DETAIL_TEXT;IP_PROP41;IP_PROP9;IP_PROP14;IP_PROP43;IP_PROP46;IP_PROP44;IP_PROP25;IP_PROP12;IP_PROP45;IC_GROUP0;IC_GROUP1;IC_GROUP2
;34-35-025 Втулка резьбовая приварная алюминиевая М 3 длиной 25 мм, с наружным диаметром 5 мм;ea1c92cb-1c31-46a1-9904-d2b39dcb8b90;34-35-025;vtulka_rezbovaya_privarnaya_aluminevaya.png;;vtulka_rezbovaya_privarnaya_aluminevaya.png;;Резьбовая втулка;Конденсаторная сварка крепежа CD;Алюминий;3;3;5;25;Да;;Крепеж;Приварной крепёж;Крепеж для конденсаторной сварки CD
;34-35-030 Втулка резьбовая приварная алюминиевая М 3 длиной 30 мм, с наружным диаметром 5 мм;910b7811-423d-4915-96b2-7d17731f1bac;34-35-030;vtulka_rezbovaya_privarnaya_aluminevaya.png;;vtulka_rezbovaya_privarnaya_aluminevaya.png;;Резьбовая втулка;Конденсаторная сварка крепежа CD;Алюминий;3;3;5;30;Да;;Крепеж;Приварной крепёж;Крепеж для конденсаторной сварки CD
;34-35-006 Втулка резьбовая приварная алюминиевая М 3 длиной 6 мм, с наружным диаметром 5 мм;b5565ad5-787f-414d-9d27-67f17387880f;34-35-006;vtulka_rezbovaya_privarnaya_aluminevaya.png;;vtulka_rezbovaya_privarnaya_aluminevaya.png;;Резьбовая втулка;Конденсаторная сварка крепежа CD;Алюминий;3;3;5;6;Да;;Крепеж;Приварной крепёж;Крепеж для конденсаторной сварки CD
;34-35-008 Втулка резьбовая приварная алюминиевая М 3 длиной 8 мм, с наружным диаметром 5 мм;19f862ea-6e13-4039-afc3-0c9c9c726823;34-35-008;vtulka_rezbovaya_privarnaya_aluminevaya.png;;vtulka_rezbovaya_privarnaya_aluminevaya.png;;Резьбовая втулка;Конденсаторная сварка крепежа CD;Алюминий;3;3;5;8;Да;;Крепеж;Приварной крепёж;Крепеж для конденсаторной сварки CD
;34-46-010 Втулка резьбовая приварная алюминиевая М 4 длиной 10 мм, с наружным диаметром 6 мм;16d89c8f-67ca-4ee2-b253-13cfecdff7a3;34-46-010;vtulka_rezbovaya_privarnaya_aluminevaya.png;;vtulka_rezbovaya_privarnaya_aluminevaya.png;;Резьбовая втулка;Конденсаторная сварка крепежа CD;Алюминий;4;4;6;10;Да;;Крепеж;Приварной крепёж;Крепеж для конденсаторной сварки CD
;34-46-012 Втулка резьбовая приварная алюминиевая М 4 длиной 12 мм, с наружным диаметром 6 мм;d408618e-c977-400b-a543-25e8da18f030;34-46-012 / KWBSAM4-12;vtulka_rezbovaya_privarnaya_aluminevaya.png;;vtulka_rezbovaya_privarnaya_aluminevaya.png;;Резьбовая втулка;Конденсаторная сварка крепежа CD;Алюминий;4;4;6;12;Да;;Крепеж;Приварной крепёж;Крепеж для конденсаторной сварки CD
;34-46-015 Втулка резьбовая приварная алюминиевая М 4 длиной 15 мм, с наружным диаметром 6 мм;82772328-8960-4f8d-8695-21e30d8031a6;34-46-015;vtulka_rezbovaya_privarnaya_aluminevaya.png;;vtulka_rezbovaya_privarnaya_aluminevaya.png;;Резьбовая втулка;Конденсаторная сварка крепежа CD;Алюминий;4;4;6;15;Да;;Крепеж;Приварной крепёж;Крепеж для конденсаторной сварки CD
;34-46-016 Втулка резьбовая приварная алюминиевая М 4 длиной 16 мм, с наружным диаметром 6 мм;243e8e29-61b9-4c9b-8bfb-950e6464d48c;34-46-016;vtulka_rezbovaya_privarnaya_aluminevaya.png;;vtulka_rezbovaya_privarnaya_aluminevaya.png;;Резьбовая втулка;Конденсаторная сварка крепежа CD;Алюминий;4;4;6;16;Да;;Крепеж;Приварной крепёж;Крепеж для конденсаторной сварки CD
;34-46-020 Втулка резьбовая приварная алюминиевая М 4 длиной 20 мм, с наружным диаметром 6 мм;a3a1b1db-3bb7-442d-849f-b8f861604385;34-46-020;vtulka_rezbovaya_privarnaya_aluminevaya.png;;vtulka_rezbovaya_privarnaya_aluminevaya.png;;Резьбовая втулка;Конденсаторная сварка крепежа CD;Алюминий;4;4;6;20;Да;;Крепеж;Приварной крепёж;Крепеж для конденсаторной сварки CD
;34-46-025 Втулка резьбовая приварная алюминиевая М 4 длиной 25 мм, с наружным диаметром 6 мм;5c0820cf-5c98-4467-aa46-e5f1fe2993cc;34-46-025;vtulka_rezbovaya_privarnaya_aluminevaya.png;;vtulka_rezbovaya_privarnaya_aluminevaya.png;;Резьбовая втулка;Конденсаторная сварка крепежа CD;Алюминий;4;4;6;25;Да;;Крепеж;Приварной крепёж;Крепеж для конденсаторной сварки CD
;34-46-025 Втулка резьбовая приварная алюминиевая М 4 длиной 25 мм, с наружным диаметром 6 мм;4a7c9120-d555-11ea-ba39-001e6754e0a5;34-46-025/ KWBSAM4-25;vtulka_rezbovaya_privarnaya_aluminevaya.png;;vtulka_rezbovaya_privarnaya_aluminevaya.png;;Резьбовая втулка;Конденсаторная сварка крепежа CD;Алюминий;4;4;6;25;Да;;Крепеж;Приварной крепёж;Крепеж для конденсаторной сварки CD
;34-46-030 Втулка резьбовая приварная алюминиевая М 4 длиной 30 мм, с наружным диаметром 6 мм;7b6f05e2-6225-47de-a041-2951e55c9e37;34-46-030;vtulka_rezbovaya_privarnaya_aluminevaya.png;;vtulka_rezbovaya_privarnaya_aluminevaya.png;;Резьбовая втулка;Конденсаторная сварка крепежа CD;Алюминий;4;4;6;30;Да;;Крепеж;Приварной крепёж;Крепеж для конденсаторной сварки CD
;34-46-008 Втулка резьбовая приварная алюминиевая М 4 длиной 8 мм, с наружным диаметром 6 мм;ebb8b27d-1601-4cc9-b08f-6febbaf55ebd;34-46-008;vtulka_rezbovaya_privarnaya_aluminevaya.png;;vtulka_rezbovaya_privarnaya_aluminevaya.png;;Резьбовая втулка;Конденсаторная сварка крепежа CD;Алюминий;4;4;6;8;Да;;Крепеж;Приварной крепёж;Крепеж для конденсаторной сварки CD
;34-57-010 Втулка резьбовая приварная алюминиевая М 5 длиной 10 мм, с наружным диаметром 7,1 мм;f037def1-f058-4bf4-9f25-ccbc0254806a;34-57-010;vtulka_rezbovaya_privarnaya_aluminevaya.png;;vtulka_rezbovaya_privarnaya_aluminevaya.png;;Резьбовая втулка;Конденсаторная сварка крепежа CD;Алюминий;5;5;7;10;Да;;Крепеж;Приварной крепёж;Крепеж для конденсаторной сварки CD
;34-57-012 Втулка резьбовая приварная алюминиевая М 5 длиной 12 мм, с наружным диаметром 7,1 мм;59c7a112-5695-4cd6-a0bb-4640f3828b13;34-57-012;vtulka_rezbovaya_privarnaya_aluminevaya.png;;vtulka_rezbovaya_privarnaya_aluminevaya.png;;Резьбовая втулка;Конденсаторная сварка крепежа CD;Алюминий;5;5;7;12;Да;;Крепеж;Приварной крепёж;Крепеж для конденсаторной сварки CD
;34-57-015 Втулка резьбовая приварная алюминиевая М 5 длиной 15 мм, с наружным диаметром 7,1 мм;1f6219d7-aac2-41fe-87e4-07f80d50cdd9;34-57-015;vtulka_rezbovaya_privarnaya_aluminevaya.png;;vtulka_rezbovaya_privarnaya_aluminevaya.png;;Резьбовая втулка;Конденсаторная сварка крепежа CD;Алюминий;5;5;7;15;Да;;Крепеж;Приварной крепёж;Крепеж для конденсаторной сварки CD
;34-57-016 Втулка резьбовая приварная алюминиевая М 5 длиной 16 мм, с наружным диаметром 7,1 мм;eaab71cd-ca9a-41c2-9763-995c07c84fc2;34-57-016;vtulka_rezbovaya_privarnaya_aluminevaya.png;;vtulka_rezbovaya_privarnaya_aluminevaya.png;;Резьбовая втулка;Конденсаторная сварка крепежа CD;Алюминий;5;5;7;16;Да;;Крепеж;Приварной крепёж;Крепеж для конденсаторной сварки CD
