IE_CODE;IE_NAME;IP_PROP4;IP_PROP39;CV_PRICE_1;CV_CURRENCY_1;IC_GROUP0;IC_GROUP1;IC_GROUP2
;Комплект оборудования для приварки крепежа SW2501 (М3-М8);SW2500;7530a063-ffd1-11e5-9f26-001e6754e0a4;68650,4;RUB;Оборудование;Оборудование для приварки крепежа;Комплекты оборудования
;Блок питания ACCU-TWIN, аккумуляторный (2 шпильки М3 одновременно);92-10-2380A;28012bbb-fc98-11e1-bb18-000423dd84e7;131040;RUB;Оборудование;Оборудование для приварки крепежа;Блоки питания
;Блок питания CDi 1502 (М3-М6);92-10-1502;cb21863d-49a2-11e2-8167-000423dd84e7;118720;RUB;Оборудование;Оборудование для приварки крепежа;Блоки питания
;Комплект: конденсаторный аппарат CDi 1502 со сварочным пистолетом С 08 (М3-М6);CDi1502C;07692d0f-950b-11e2-aba5-000423dd84e7;172620;RUB;Оборудование;Оборудование для приварки крепежа;Комплекты оборудования
;Комплект: конденсаторный аппарат CDi 1502 со сварочным пистолетом СA 08 (М3-М6);CDi1502CA;07692d11-950b-11e2-aba5-000423dd84e7;190542,1;RUB;Оборудование;Оборудование для приварки крепежа;Комплекты оборудования
;Комплект: конденсаторный аппарат CDi 1502 со сварочным пистолетом CI 03 (гвозди d 2-2,7 мм);CDI1502CI;be8b80cc-3ea5-11e2-8167-000423dd84e7;183960;RUB;Оборудование;Оборудование для приварки крепежа;Комплекты оборудования
;Блок питания CDi 2302 (М3-М8);92-10-2302B;236f18f9-822d-11e2-aba5-000423dd84e7;154350;RUB;Оборудование;Оборудование для приварки крепежа;Блоки питания
;Комплект: конденсаторный аппарат CDi 2302 со сварочным пистолетом C 08 (М3-М8);CDi2302C;07692d13-950b-11e2-aba5-000423dd84e7;208250;RUB;Оборудование;Оборудование для приварки крепежа;Комплекты оборудования
;Комплект: конденсаторный аппарат CDi 2302 со сварочным пистолетом CA 08 (М3-М8);CDi2302CA;07692d15-950b-11e2-aba5-000423dd84e7;212800;RUB;Оборудование;Оборудование для приварки крепежа;Комплекты оборудования
;Блок питания CDi 3102 (М3-М10);92-10-3102;0a7920b7-65e9-11e2-aba5-000423dd84e7;187110;RUB;Оборудование;Оборудование для приварки крепежа;Блоки питания
;Комплект: конденсаторный аппарат CDi 3102 со сварочным пистолетом C 08 (М3-М10);CDi3102C;07692d17-950b-11e2-aba5-000423dd84e7;241080;RUB;Оборудование;Оборудование для приварки крепежа;Комплекты оборудования
;Комплект: конденсаторный аппарат CDi 3102 со сварочным пистолетом CA 08 (М3-М10);CDi3102CA;07692d19-950b-11e2-aba5-000423dd84e7;245560;RUB;Оборудование;Оборудование для приварки крепежа;Комплекты оборудования
;Блок питания Pegasar 500 accu, аккумуляторный  (М3-М6);92-10-0500;0a403fa1-e8e3-11e8-99fa-001e6754e0a5;128856;RUB;Оборудование;Оборудование для приварки крепежа;Блоки питания
;Комплект: аккумуляторный конденсаторный аппарат Pegasar 500 c пистолетом CI03 (гвозди d 2-3 мм);P500CI+;647cc50b-8e23-11ec-9a0d-001e6754e0a5;239022;RUB;Оборудование;Оборудование для приварки крепежа;Комплекты оборудования
;Блок питания для приварки гвоздей Pegasar 500 accu ISO, аккумуляторный (гвозди d 2-3 мм);92-10-0510;d6ef6bd6-cc87-11e8-88e6-001e6754e0a5;146400,8;RUB;Оборудование;Оборудование для приварки крепежа;Блоки питания
;Блок питания Visar 650 (М3-М10);93-60-0650;3586185f-33d2-11e8-9ee9-001e6754e0a5;237300;RUB;Оборудование;Оборудование для приварки крепежа;Блоки питания
;Комплект: аппарат для дуговой приварки крепежа с керамическими кольцами Visar 650 c пистолетом A12  (М3-М10);Visar650AK+;258cc276-5f46-11e8-9ee9-001e6754e0a5;345800;RUB;Оборудование;Оборудование для приварки крепежа;Комплекты оборудования
;Блок питания с газовым модулем ARC 800  (М3-М12);93-10-0702A;1696a714-9262-4040-b319-9b9bcc6c3f2d;235550;RUB;Оборудование;Оборудование для приварки крепежа;Блоки питания
;Комплект: аппарат для дуговой приварки крепежа с керамическими кольцами ARC 800  (М3-М12) c пистолетом A12 и кабелем заземления ;ARC800AK;390e4bba-cd1a-4c9a-8caf-64bdc8fbc24c;360869,6;RUB;Оборудование;Оборудование для приварки крепежа;Комплекты оборудования
;Комплект: аппарат для дуговой приварки крепежа в среде защитного газа ARC 800  (М3-М12) c пистолетом A12;ARC800AG;a6ab681b-0845-4030-983d-354a06053fa8;345144,8;RUB;Оборудование;Оборудование для приварки крепежа;Комплекты оборудования
;Блок питания IT 1002  (М3-М16);93-60-1202;1e44c276-2314-4f07-b056-7ae7b58c69dc;427000;RUB;Оборудование;Оборудование для приварки крепежа;Блоки питания
;Комплект: аппарат для сварки в защитном газе IT 1002  (М3-М16) в комплекте cо сварочным пистолетом A12;IT1002A12G;07692d29-950b-11e2-aba5-000423dd84e7;532000;RUB;Оборудование;Оборудование для приварки крепежа;Комплекты оборудования
;Комплект: аппарат для сварки с керамическим кольцом IT 1002  (М3-М16) со сварочным пистолетом A12;IT1002A12K;07692d27-950b-11e2-aba5-000423dd84e7;522340;RUB;Оборудование;Оборудование для приварки крепежа;Комплекты оборудования
;Блок питания Visar 1200  (М3-М16);93-60-0120;;;RUB;Оборудование;Оборудование для приварки крепежа;Блоки питания
;Блок питания IT 2002  (М3-М24);93-60-2202;07692d1d-950b-11e2-aba5-000423dd84e7;770560;RUB;Оборудование;Оборудование для приварки крепежа;Блоки питания
;Комплект: аппарат для приварки крепежа с керамическим кольцом IT 2002 c пистолетом A22  (М3-М24);IT2002A22K;07692d2b-950b-11e2-aba5-000423dd84e7;943950;RUB;Оборудование;Оборудование для приварки крепежа;Комплекты оборудования
;Блок питания IT 90  (М3-М24);92-20-256;;;RUB;Оборудование;Оборудование для приварки крепежа;Блоки питания
;Сварочный аппарат для приварки крепежа в автоматическом режиме CDi 1502 AT  (М3-М6);92-10-1504B;5f072c8f-3f95-11e7-963a-001e6754e0a4;257740;RUB;Оборудование;Оборудование для приварки крепежа;Полуавтоматическая установка
;Блок питания CDMi 2402А  (М3-М8);92-10-22412B;1d20c222-f875-11e8-9c16-001e6754e0a5;377580;RUB;Оборудование;Оборудование для приварки крепежа;Полуавтоматическая установка
;Сварочная установка с ЧПУ - CPW 600?400 с одной сварочной головкой;CPW600-400;;;RUB;Оборудование;Оборудование для приварки крепежа;Автоматические установки CPW и MPW
;Сварочная установка с ЧПУ - MPW 1250?1050, до 4-х сварочных головок;MPW1250-1050;;;RUB;Оборудование;Оборудование для приварки крепежа;Автоматические установки CPW и MPW
;Сварочная установка с ЧПУ - MPW 1250?2250, до 4-х сварочных головок;MPW1250-2250;;;RUB;Оборудование;Оборудование для приварки крепежа;Автоматические установки CPW и MPW
;Сварочный пистолет С 08 (М3-М10);92-20-256;5bd51ada-a068-476f-92db-4a3a526bfc05;46620;RUB;Оборудование;Оборудование для приварки крепежа;Сварочные пистолеты 
;Сварочный пистолет СA 08 (М3-М10);92-20-255;dbbc1ba1-92a0-423c-871f-76631766d745;51100;RUB;Оборудование;Оборудование для приварки крепежа;Сварочные пистолеты 
;Сварочный пистолет СI 03 (d 2-3);92-20-254;a66f305a-99af-401b-9098-e1901c86dc11;52920;RUB;Оборудование;Оборудование для приварки крепежа;Сварочные пистолеты 
;Сварочный пистолет C 06-3;92-20-275;7f2aba8e-8c73-11e6-88bd-001e6754e0a4;41790;RUB;Оборудование;Оборудование для приварки крепежа;Сварочные пистолеты 
;Сварочный пистолет A 12 (М3-М12);93-20-270;2d22116b-3e5a-4679-ad3b-af900715fa59;75810;RUB;Оборудование;Оборудование для приварки крепежа;Сварочные пистолеты 
;Сварочный пистолет A 16 (d 3-16мм);93-20-280;14360d4f-60df-4378-b31f-c2bf82e17cf2;155330;RUB;Оборудование;Оборудование для приварки крепежа;Сварочные пистолеты 
;Сварочный пистолет A 22 (d 14-22мм);93-20-290;07692d21-950b-11e2-aba5-000423dd84e7;178010;RUB;Оборудование;Оборудование для приварки крепежа;Сварочные пистолеты 
;Сварочный пистолет A 12FL ISO (гвозди d 3-6) кабель 10 м;93-20-26010;2d0520db-dddd-11e9-affe-001e6754e0a5;74690;RUB;Оборудование;Оборудование для приварки крепежа;Сварочные пистолеты 
;Сварочный пистолет A 12FL ISO (гвозди d 3-6) кабель 5 м;93-20-260;fc4d84cd-85a9-11ec-9a0d-001e6754e0a5;70700;RUB;Оборудование;Оборудование для приварки крепежа;Сварочные пистолеты 
