IE_CODE;IE_NAME;IP_PROP39;IP_PROP4;IE_PREVIEW_PICTURE;IE_PREVIEW_TEXT;IE_DETAIL_PICTURE;IE_DETAIL_TEXT;IP_PROP41;IP_PROP9;IP_PROP14;IP_PROP42;IP_PROP43;IP_PROP46;IP_PROP44;IP_PROP25;IP_PROP45;IP_PROP12;IC_GROUP0;IC_GROUP1;IC_GROUP2
;52-08-050K Шпилька резьбовая нержавеющая сталь ARC (c алюминиевым кончиком и керамическим кольцом) тип RD М8 x 50;74929f38-01e7-11ea-801d-001e6754e0a5;52-08-050K;arc-rd_n.png;;arc-rd_n.png;;Резьбовая шпилька;Дуговая сварка крепежа ARC;Нержавеющая сталь;RD;8;;8;50;100 шт;Да;Крепеж;Приварной крепёж;Крепеж для дуговой сварки ARC
;52-08-070K Шпилька резьбовая нержавеющая сталь ARC (c алюминиевым кончиком и керамическим кольцом) тип RD М8 x 70;f06db4ec-01e7-11ea-801d-001e6754e0a5;52-08-070K;arc-rd_n.png;;arc-rd_n.png;;Резьбовая шпилька;Дуговая сварка крепежа ARC;Нержавеющая сталь;RD;8;;8;70;100 шт;Да;Крепеж;Приварной крепёж;Крепеж для дуговой сварки ARC
;42-08-070 Шпилька резьбовая нержавеющая сталь ARC (c алюминиевым кончиком и керамическим кольцом) RD М8 х 70. DIN EN ISO 13918;446594f3-0449-11ea-801d-001e6754e0a5;42-08-070;arc-rd_n.png;;arc-rd_n.png;;Резьбовая шпилька;Дуговая сварка крепежа ARC;Нержавеющая сталь;RD;8;;8;70;100 шт;Да;Крепеж;Приварной крепёж;Крепеж для дуговой сварки ARC
;78-12-06-035-PF DUO  Шпилька резьбовая нержавеющая сталь ARC (без алюминиевого кончика и керамического кольца) тип MPF M6 x 35. ST37-3K 4.8 стальная. ;fbc5c113-0b93-11ea-801d-001e6754e0a5;78-12-06-035-PF;arc-pd.jpg;;arc-pd.jpg;;Резьбовая шпилька;Дуговая сварка крепежа ARC;Нержавеющая сталь;MPF;6;;6;35;100 шт;Да;Крепеж;Приварной крепёж;Крепеж для дуговой сварки ARC
;78-14-08-025-R-SU DUO Шпилька резьбовая нержавеющая сталь ARC (с алюминиевым кончиком и керамическим кольцом) тип RD DUO (материал St 4.8) / RD DUO М8 х 25;a76dfc8b-0b94-11ea-801d-001e6754e0a5;78-14-08-025-R-SU DUO;arc-rd_n.png;;arc-rd_n.png;;Резьбовая шпилька;Дуговая сварка крепежа ARC;Нержавеющая сталь;RD;8;;8;25;100 шт;Да;Крепеж;Приварной крепёж;Крепеж для дуговой сварки ARC
;42-08-060 Шпилька резьбовая нержавеющая сталь ARC (c алюминиевым кончиком и керамическим кольцом) тип RD М8 х 60. DIN EN ISO 13918;593f5794-15da-11ea-801d-001e6754e0a5;42-08-060;arc-rd_n.png;;arc-rd_n.png;;Резьбовая шпилька;Дуговая сварка крепежа ARC;Нержавеющая сталь;RD;8;;8;60;100 шт;Да;Крепеж;Приварной крепёж;Крепеж для дуговой сварки ARC
;41-20-060 Шпилька резьбовая углеродистая сталь 4.8 ARC (с алюминиевым кончиком и керамическим кольцом RF 20 - плоская форма) тип RD М20 х 60. DIN EN ISO 13918;7d9ceef5-c108-11ea-8059-001e6754e0a5;41-20-060;arc-rd.jpg;;arc-rd.jpg;;Резьбовая шпилька;Дуговая сварка крепежа ARC;Углеродистая сталь;RD;20;;20;60;100 шт;Да;Крепеж;Приварной крепёж;Крепеж для дуговой сварки ARC
;42-12-050 Шпилька резьбовая нержавеющая сталь ARC (с алюминиевым кончиком и и керамическим кольцом) тип RD М12 х 50. DIN EN ISO 13918;209e7f29-cd8f-11ea-8059-001e6754e0a5;42-12-050* (С КОЛЬЦОМ);arc-rd_n.png;;arc-rd_n.png;;Резьбовая шпилька;Дуговая сварка крепежа ARC;Нержавеющая сталь;RD;12;;12;50;100 шт;Да;Крепеж;Приварной крепёж;Крепеж для дуговой сварки ARC
;10-70-615 Болт заземления никелированная сталь с пластиковым колпачком  М6 х 15. ;25e96e04-1671-44d1-814d-9d1922f41051;10-70-615;ARC-bolt_zaz.jpg;;ARC-bolt_zaz.jpg;;Болт заземления;Дуговая сварка крепежа ARC;Никелированая сталь;нет;6;;6;15;100 000 шт;Да;Крепеж;Приварной крепёж;Крепеж для дуговой сварки ARC
;42-06-045 Шпилька резьбовая нержавеющая сталь ARC А2-50  (с керамическим  кольцом RF 6) тип RD М6 х 45. DIN EN ISO 13918;d2d8f9f0-789b-11e9-8204-001e6754e0a5;42-06-045 (без кольца);arc-rd_n.png;;arc-rd_n.png;;Резьбовая шпилька;Дуговая сварка крепежа ARC;Нержавеющая сталь;RD;6;;6;12;100 шт;Да;Крепеж;Приварной крепёж;Крепеж для дуговой сварки ARC
;41-12-050 Шпилька резьбовая углеродистая сталь 4.8 ARC (с алюминиевым кончиком и керамическим  кольцом RF 12)  тип RD М12 х 50. DIN EN ISO 13918;d0adc61a-789c-11e9-8204-001e6754e0a5;41-12-050 (без кольца);arc-rd.jpg;;arc-rd.jpg;;Резьбовая шпилька;Дуговая сварка крепежа ARC;Углеродистая сталь;RD;12;;12;50;100 шт;Да;Крепеж;Приварной крепёж;Крепеж для дуговой сварки ARC
;51-06-030 Шпилька резьбовая нержавеющая сталь ARC (без алюминиевого кончика и керамического кольца) тип RD М 6 x 30;2e028613-7b08-11e9-8204-001e6754e0a5;51-06-030;arc-rd_n.png;;arc-rd_n.png;;Резьбовая шпилька;Дуговая сварка крепежа ARC;Нержавеющая сталь;RD;6;;6;30;100 шт;Да;Крепеж;Приварной крепёж;Крепеж для дуговой сварки ARC
;75-16-200 Гибкий упор стальной S235J2+C450 тип SD1 диаметр d 16 x 200, DIN EN ISO 13918;5f26b26e-81f0-11e9-8204-001e6754e0a5;75-16-200;arc-SD.png;;arc-SD.png;;Гибкий упор;Дуговая сварка крепежа ARC;Сталь;SD1;нет;;16;200;100 шт;Нет;Крепеж;Приварной крепёж;Крепеж для дуговой сварки ARC
;75-00-016 Керамическое кольцо UF 16 в соответствии с EN ISO 13918;e294a6ea-81f0-11e9-8204-001e6754e0a5;75-00-016;arc-kolco.jpg;;arc-keramkolco.png;;Керамическое кольцо;Дуговая сварка крепежа ARC;Керамика;UF;нет;;;;100 шт;Нет;Крепеж;Приварной крепёж;Крепеж для дуговой сварки ARC
;76-12-0155К Втулка резьбовая приварная нержавеющая сталь ARC (с алюминиевым кончиком и керамическим кольцом) М8 х 15;67c98623-9414-11e1-8205-000423dd84e7;76-12-0155К;arc-id.png;;arc-id.png;;Резьбовая втулка;Дуговая сварка крепежа ARC;Нержавеющая сталь;ID;8;;8;15;100 шт;Да;Крепеж;Приварной крепёж;Крепеж для дуговой сварки ARC
;51-08-030K Шпилька резьбовая нержавеющая сталь ARC (c алюминиевым кончиком и керамическим кольцом) тип RD  М 8 x 30;ef6ca51f-9423-11e1-8205-000423dd84e7;51-08-030K;arc-rd_n.png;;arc-rd_n.png;;Резьбовая шпилька;Дуговая сварка крепежа ARC;Нержавеющая сталь;RD;8;;8;30;100 шт;Да;Крепеж;Приварной крепёж;Крепеж для дуговой сварки ARC
;61-08-025 Шпилька резьбовая нержавеющая сталь ARC (без алюминиевого кончика и керамического кольца)  тип DD М8 x 25 ;be089e9f-409c-404d-84cb-5ea6650b3076;61-08-025;arc-dd_stal.png;;arc-dd_stal.png;;Резьбовая шпилька;Дуговая сварка крепежа ARC;Нержавеющая сталь;DD;8;;8;25;100 шт;Да;Крепеж;Приварной крепёж;Крепеж для дуговой сварки ARC
;51-06-015K Шпилька резьбовая нержавеющая сталь ARC (с алюминиевым кончиком и керамическим кольцом) тип RD М6 x 15;788c86a3-8674-4e38-85e4-9df0367a4272;51-06-015K;arc-rd_n.png;;arc-rd_n.png;;Резьбовая шпилька;Дуговая сварка крепежа ARC;Нержавеющая сталь;RD;6;;6;15;100 шт;Да;Крепеж;Приварной крепёж;Крепеж для дуговой сварки ARC
;42-08-050 Шпилька резьбовая нержавеющая сталь ARC (с алюминиевым кончиком и керамическим кольцом) тип RD М8 х 50. DIN EN ISO 13918;fd62b345-4bdd-11e9-86df-001e6754e0a5;42-08-050;arc-rd_n.png;;arc-rd_n.png;;Резьбовая шпилька;Дуговая сварка крепежа ARC;Нержавеющая сталь;RD;8;;8;50;100 шт;Да;Крепеж;Приварной крепёж;Крепеж для дуговой сварки ARC
;"78-14-10-030-DUO/MPF Шпилька резьбовая нержавеющая сталь ARC тип DUO (материал А-сталь 4,8; материал В-нержавеющая сталь 1.4571) / MPF (с алюминиевым кончиком и керамическим кольцом) М10 х 30";7106cca6-4ed4-11e9-86df-001e6754e0a5;78-14-10-030-DUO/MPF (без кольца);arc-pd.jpg;;arc-pd.jpg;;Резьбовая шпилька;Дуговая сварка крепежа ARC;Нержавеющая сталь;MPF;10;;10;30;100 шт;Да;Крепеж;Приварной крепёж;Крепеж для дуговой сварки ARC
;"78-14-10-055-DUO/MPF Шпилька резьбовая нержавеющая сталь ARC тип DUO (материал А-сталь 4,8; материал В-нержавеющая сталь 1.4571) / MPF (с алюминиевым кончиком и керамическим кольцом) М10 х 55";e4bed707-4ed7-11e9-86df-001e6754e0a5;78-14-10-055-DUO/MPF (без кольца);arc-pd.jpg;;arc-pd.jpg;;Резьбовая шпилька;Дуговая сварка крепежа ARC;Нержавеющая сталь;MPF;10;;10;55;100 шт;Да;Крепеж;Приварной крепёж;Крепеж для дуговой сварки ARC
;42-12-100 Шпилька резьбовая нержавеющая сталь ARC (с алюминиевым кончиком и керамическим кольцом) тип RD М12 х 100. DIN EN ISO 13918;0ae3c7e2-4eda-11e9-86df-001e6754e0a5;42-12-100 (без кольца);arc-rd_n.png;;arc-rd_n.png;;Резьбовая шпилька;Дуговая сварка крепежа ARC;Нержавеющая сталь;RD;12;;12;100;100 шт;Да;Крепеж;Приварной крепёж;Крепеж для дуговой сварки ARC
;62-10-030 Шпилька резьбовая нержавеющая сталь ARC тип DD M10 x 30;aa81701e-2faf-11e2-877d-000423dd84e7;62-10-030;arc-dd_stal.png;;arc-dd_stal.png;;Резьбовая шпилька;Дуговая сварка крепежа ARC;Нержавеющая сталь;DD;10;;10;30;100 шт;Да;Крепеж;Приварной крепёж;Крепеж для дуговой сварки ARC
;62-10-040 Шпилька резьбовая нержавеющая сталь ARC тип DD M10 x 40;aa817020-2faf-11e2-877d-000423dd84e7;62-10-040;arc-dd_stal.png;;arc-dd_stal.png;;Резьбовая шпилька;Дуговая сварка крепежа ARC;Нержавеющая сталь;DD;10;;10;40;100 шт;Да;Крепеж;Приварной крепёж;Крепеж для дуговой сварки ARC
;62-10-050 Шпилька резьбовая нержавеющая сталь ARC тип DD M10 x 50;aa817022-2faf-11e2-877d-000423dd84e7;62-10-050;arc-dd_stal.png;;arc-dd_stal.png;;Резьбовая шпилька;Дуговая сварка крепежа ARC;Нержавеющая сталь;DD;10;;10;50;100 шт;Да;Крепеж;Приварной крепёж;Крепеж для дуговой сварки ARC
;62-08-030 Шпилька резьбовая нержавеющая сталь ARC (без алюминиевого кончика и керамического кольца) тип DD M8 x 30;aa817024-2faf-11e2-877d-000423dd84e7;62-08-030;arc-dd_stal.png;;arc-dd_stal.png;;Резьбовая шпилька;Дуговая сварка крепежа ARC;Нержавеющая сталь;DD;8;;8;30;100 шт;Да;Крепеж;Приварной крепёж;Крепеж для дуговой сварки ARC
;62-08-040 Шпилька резьбовая нержавеющая сталь ARC (без алюминиевого кончика и керамического кольца) тип DD M8 x 40;aa817026-2faf-11e2-877d-000423dd84e7;62-08-040;arc-dd_stal.png;;arc-dd_stal.png;;Резьбовая шпилька;Дуговая сварка крепежа ARC;Нержавеющая сталь;DD;8;;8;40;100 шт;Да;Крепеж;Приварной крепёж;Крепеж для дуговой сварки ARC
;41-06-020-OK-NU Шпилька резьбовая углеродистая сталь 4.8 ARC без алюминиевого кончика тип RD М6 х 20 DIN EN ISO 13918;86ebd800-26f7-11e6-879c-001e6754e0a4;41-06-020-OK-NU;arc-rd.jpg;;arc-rd.jpg;;Резьбовая шпилька;Дуговая сварка крепежа ARC;Углеродистая сталь;RD;6;;6;20;100 шт;Да;Крепеж;Приварной крепёж;Крепеж для дуговой сварки ARC
;42-12-050 Шпилька резьбовая нержавеющая сталь ARC (с алюминиевым кончиком и керамическим кольцом) тип RD М12 х 50. DIN EN ISO 13918;7fb1a7f8-3ec8-11e6-879c-001e6754e0a4;42-12-050 (БЕЗ КОЛЬЦА);arc-rd_n.png;;arc-rd_n.png;;Резьбовая шпилька;Дуговая сварка крепежа ARC;Нержавеющая сталь;RD;12;;12;50;100 шт;Да;Крепеж;Приварной крепёж;Крепеж для дуговой сварки ARC
;51-10-055 Шпилька резьбовая нержавеющая сталь ARC (без алюминиевого кончика и керамического кольца) тип RD М10 x 55;1faca265-f87b-11e0-882f-000423dd84e7;51-10-055;arc-rd_n.png;;arc-rd_n.png;;Резьбовая шпилька;Дуговая сварка крепежа ARC;Нержавеющая сталь;RD;10;;10;55;100 шт;Да;Крепеж;Приварной крепёж;Крепеж для дуговой сварки ARC
;61-12-070 Шпилька резьбовая нержавеющая сталь ARC (без алюминиевого кончика и  керамического кольца) тип РD М12 x 70;1faca267-f87b-11e0-882f-000423dd84e7;61-12-070;arc-rd_n.png;;arc-rd_n.png;;Резьбовая шпилька;Дуговая сварка крепежа ARC;Нержавеющая сталь;RD;12;;12;70;100 шт;Да;Крепеж;Приварной крепёж;Крепеж для дуговой сварки ARC
;51-06-035 Шпилька резьбовая нержавеющая сталь ARC (без алюминиевого кончика и керамического кольца) тип RD М6 x 35;5b557154-1a12-11e3-88fa-001e6754e0a7;51-06-035;arc-rd_n.png;;arc-rd_n.png;;Резьбовая шпилька;Дуговая сварка крепежа ARC;Нержавеющая сталь;RD;6;;6;35;100 шт;Да;Крепеж;Приварной крепёж;Крепеж для дуговой сварки ARC
;62-08-025 Шпилька резьбовая нержавеющая сталь ARC (без алюминиевого кончика и керамического кольца) тип DD M8 x 25;45a3e9bf-2c6c-11e1-8ad3-000423dd84e7;62-08-025;arc-dd_stal.png;;arc-dd_stal.png;;Резьбовая шпилька;Дуговая сварка крепежа ARC;Нержавеющая сталь;DD;8;;8;25;100 шт;Да;Крепеж;Приварной крепёж;Крепеж для дуговой сварки ARC
;62-08-050 Шпилька резьбовая нержавеющая сталь ARC (без алюминиевого кончика и керамического кольца) тип DD M8 x 50;45a3e9c1-2c6c-11e1-8ad3-000423dd84e7;62-08-050;arc-dd_stal.png;;arc-dd_stal.png;;Резьбовая шпилька;Дуговая сварка крепежа ARC;Нержавеющая сталь;DD;8;;8;50;100 шт;Да;Крепеж;Приварной крепёж;Крепеж для дуговой сварки ARC
;75-19-100 Гибкий упор сталь S235J2+C450 тип SD1 диаметр 19 х 100, DIN EN ISO 13918;55770c7d-c17b-11e3-8b66-001e6754e0a7;75-19-100;arc-SD.png;;arc-SD.png;;Гибкий упор;Дуговая сварка крепежа ARC;Нержавеющая сталь;SD1;нет;;19;100;100 шт;Нет;Крепеж;Приварной крепёж;Крепеж для дуговой сварки ARC
;78-14-06-035-DUO/MPF Шпилька резьбовая нержавеющая сталь ARC (с алюминиевым кончиком и керамическим кольцом) тип DUO (материал St 37/14571) / MPF  М8 х 25;c0c976cb-341a-11e9-8c98-001e6754e0a5;78-14-06-035-DUO/MPF;arc-pd.jpg;;arc-pd.jpg;;Резьбовая шпилька;Дуговая сварка крепежа ARC;Нержавеющая сталь;MPF;8;;8;25;100 шт;Да;Крепеж;Приварной крепёж;Крепеж для дуговой сварки ARC
;61-18,3-025 М12Х18 Втулка резьбовая сталь 4,8 без покрытия ARC  (с алюминевым шариком в комплекте с керамическим кольцом MF 20) тип ID, резьба М12, наружний диаметр D18,3 длина втулки 25 мм в соответствии с DIN EN ISO 13918;3703b5b1-3af9-11e9-8c98-001e6754e0a5;61-18,3-025 M12X18;arc-id.png;;arc-id.png;;Резьбовая втулка;Дуговая сварка крепежа ARC;Сталь;ID;12;;18,3;25;100 шт;Да;Крепеж;Приварной крепёж;Крепеж для дуговой сварки ARC
;61-08-020 Шпилька резьбовая нержавеющая сталь ARC (без алюминиевого кончика и керамического кольца) тип DD М8 x 20;f0a4e44c-6912-4f67-8d38-518d50aeee10;61-08-020;arc-dd_stal.png;;arc-dd_stal.png;;Резьбовая шпилька;Дуговая сварка крепежа ARC;Нержавеющая сталь;DD;8;;8;20;100 шт;Да;Крепеж;Приварной крепёж;Крепеж для дуговой сварки ARC
;46-10-030-MPF Шпилька резьбовая углеродистая сталь 4,8 ARC (в комплекте с алюминиевым кончиком и керамическим  кольцом RF 10)  тип MPF М10 х 30. DIN EN ISO 13918;8282fe6b-5b22-11e7-8ef5-001e6754e0a4;46-10-030-MPF;arc-pd.jpg;;arc-pd.jpg;;Резьбовая шпилька;Дуговая сварка крепежа ARC;Нержавеющая сталь;MPF;10;;10;30;100 шт;Да;Крепеж;Приварной крепёж;Крепеж для дуговой сварки ARC
;"78-14-12-020-DUO/MPF Шпилька резьбовая нержавеющая сталь ARC (с алюминиевым кончиком и керамическим кольцом) тип DUO (материал А-сталь 4,8; материал В-нержавеющая сталь 1.4571) тип MPF М12 х 20";f15c3aeb-5b31-11e7-8ef5-001e6754e0a4;78-14-12-020-DUO/MPF (без кольца);arc-pd.jpg;;arc-pd.jpg;;Резьбовая шпилька;Дуговая сварка крепежа ARC;Нержавеющая сталь;MPF;12;;12;20;100 шт;Да;Крепеж;Приварной крепёж;Крепеж для дуговой сварки ARC
;"78-14-12-100-DUO/MPF Шпилька резьбовая нержавеющая сталь ARC (с алюминиевым кончиком и керамическим кольцом) тип DUO (материал А-сталь 4,8; материал В-нержавеющая сталь 1.4571) тип MPF М12 х 100";2683dd9b-5b32-11e7-8ef5-001e6754e0a4;78-14-12-100-DUO/MPF;arc-pd.jpg;;arc-pd.jpg;;Резьбовая шпилька;Дуговая сварка крепежа ARC;Нержавеющая сталь;MPF;12;;12;100;100 шт;Да;Крепеж;Приварной крепёж;Крепеж для дуговой сварки ARC
;"78-14-10-025-DUO/MPF Шпилька резьбовая нержавеющая сталь ARC (с алюминиевым кончиком и керамическим кольцом) тип DUO (материал А-сталь 4,8; материал В-нержавеющая сталь 1.4571) тип MPF М10 х 25";3edb670b-5b32-11e7-8ef5-001e6754e0a4;78-14-10-025-DUO/MPF;arc-pd.jpg;;arc-pd.jpg;;Резьбовая шпилька;Дуговая сварка крепежа ARC;Нержавеющая сталь;MPF;10;;10;25;100 шт;Да;Крепеж;Приварной крепёж;Крепеж для дуговой сварки ARC
;47-08-025-MPF Шпилька резьбовая нержавеющая сталь ARC (с алюминиевым кончиком и керамическим кольцом) A2-50 тип PD/MPF М8 х 25;652d472b-5b32-11e7-8ef5-001e6754e0a4;47-08-025-MPF без кольца;arc-pd.jpg;;arc-pd.jpg;;Резьбовая шпилька;Дуговая сварка крепежа ARC;Нержавеющая сталь;PD/MPF;8;;8;25;100 шт;Да;Крепеж;Приварной крепёж;Крепеж для дуговой сварки ARC
;47-10-030-MPF Шпилька резьбовая нержавеющая сталь A2-50 ARC (с алюминиевым кончиком и керамическим кольцом) тип PD/MPF М10 х 30;c5d2a43b-5b32-11e7-8ef5-001e6754e0a4;47-10-030-MPF;arc-pd.jpg;;arc-pd.jpg;;Резьбовая шпилька;Дуговая сварка крепежа ARC;Нержавеющая сталь;PD/MPF;10;;10;30;100 шт;Да;Крепеж;Приварной крепёж;Крепеж для дуговой сварки ARC
;10-70-612 Болт заземления с пластиковым колпачком никелированная сталь М6х12;a0bd6173-8d29-11e1-8f2f-000423dd84e7;10-70-612;ARC-bolt_zaz.jpg;;ARC-bolt_zaz.jpg;;Болт заземления;Дуговая сварка крепежа ARC;Никелированая сталь;нет;6;;6;12;1000 шт;Да;Крепеж;Приварной крепёж;Крепеж для дуговой сварки ARC
;51-08-045K  Шпилька резьбовая ARC сталь (с алюминиевым кончиком и керамическим кольцом) RD 8 x 45;196a5712-cd07-4dcf-9239-53ffc9551784;51-08-045K;arc-rd.jpg;;arc-rd.jpg;;Резьбовая шпилька;Дуговая сварка крепежа ARC;Сталь;RD;8;;8;45;100 шт;Да;Крепеж;Приварной крепёж;Крепеж для дуговой сварки ARC
;51-10-070К Шпилька резьбовая сталь 4,8 ARC (с алюминиевым кончиком и керамическим кольцом) тип RD 10х70;9a8c3d08-eaf8-4c7d-934c-ee485b3df0f4;51-10-070К;arc-rd.jpg;;arc-rd.jpg;;Резьбовая шпилька;Дуговая сварка крепежа ARC;Сталь;RD;10;;10;70;100 шт;Да;Крепеж;Приварной крепёж;Крепеж для дуговой сварки ARC
;42-08-020-OK Шпилька резьбовая нержавеющая сталь А2-50 ARC без алюминиевого кончика тип RD  М8 х 20 DIN EN ISO 13918;8160e45f-8f08-11e8-955d-001e6754e0a5;42-08-020-OK;arc-rd_n.png;;arc-rd_n.png;;Резьбовая шпилька;Дуговая сварка крепежа ARC;Нержавеющая сталь;RD;8;;8;20;1000 шт;Да;Крепеж;Приварной крепёж;Крепеж для дуговой сварки ARC
;42-12-020 Шпилька резьбовая нержавеющая сталь А2-50 ARC (с алюминиевым кончиком и керамическим  кольцом RF 12)  тип RD М12 х 20. DIN EN ISO 13918;ea3aa261-add0-11e4-9599-001e6754e0a4;42-12-020;arc-rd_n.png;;arc-rd_n.png;;Резьбовая шпилька;Дуговая сварка крепежа ARC;Нержавеющая сталь;RD;12;;12;20;100 шт;Да;Крепеж;Приварной крепёж;Крепеж для дуговой сварки ARC
;42-12-035 Шпилька резьбовая нержавеющая сталь А2-50 ARC  (с алюминиевым кончиком и керамическим  кольцом RF 12) тип RD М12 х 35. DIN EN ISO 13918;079c4a7a-add1-11e4-9599-001e6754e0a4;42-12-035;arc-rd_n.png;;arc-rd_n.png;;Резьбовая шпилька;Дуговая сварка крепежа ARC;Нержавеющая сталь;RD;12;;12;35;100 шт;Да;Крепеж;Приварной крепёж;Крепеж для дуговой сварки ARC
;42-12-045 Шпилька резьбовая нержавеющая сталь А2-50 ARC (с алюминиевым кончиком и керамическим  кольцом RF 12) тип RD М12 х 45. DIN EN ISO 13918;1c7791e6-add1-11e4-9599-001e6754e0a4;42-12-045;arc-rd_n.png;;arc-rd_n.png;;Резьбовая шпилька;Дуговая сварка крепежа ARC;Нержавеющая сталь;RD;12;;12;45;100 шт;Да;Крепеж;Приварной крепёж;Крепеж для дуговой сварки ARC
;42-12-075 Шпилька резьбовая нержавеющая сталь А2-50 ARC (с алюминиевым кончиком и керамическим  кольцом RF 12) тип RD М12 х 75 DIN EN ISO 13918;4b949f7f-add1-11e4-9599-001e6754e0a4;42-12-075;arc-rd_n.png;;arc-rd_n.png;;Резьбовая шпилька;Дуговая сварка крепежа ARC;Нержавеющая сталь;RD;12;;12;75;100 шт;Да;Крепеж;Приварной крепёж;Крепеж для дуговой сварки ARC
;43-12-030 Шпилька резьбовая нержавеющая сталь 1.4571 ARC (с алюминиевым кончиком и керамическим  кольцом RF 12)  тип RD М12 х 30. DIN EN ISO 13918;e0db6179-add1-11e4-9599-001e6754e0a4;43-12-030;arc-rd_n.png;;arc-rd_n.png;;Резьбовая шпилька;Дуговая сварка крепежа ARC;Нержавеющая сталь;RD;12;;12;30;100 шт;Да;Крепеж;Приварной крепёж;Крепеж для дуговой сварки ARC
;41-12-020 Шпилька резьбовая углеродистая сталь 4.8 ARC (с алюминиевым кончиком и керамическим  кольцом RF 12)  тип RD М12 х 20. DIN EN ISO 13918;1de9f34d-add2-11e4-9599-001e6754e0a4;41-12-020 (без кольца);arc-rd.jpg;;arc-rd.jpg;;Резьбовая шпилька;Дуговая сварка крепежа ARC;Углеродистая сталь;RD;12;;12;20;100 шт;Да;Крепеж;Приварной крепёж;Крепеж для дуговой сварки ARC
;41-06-020 Шпилька резьбовая углеродистая сталь 4.8 ARC (с алюминиевым кончиком и керамическим  кольцом RF 12)  тип RD М6 х 20. DIN EN ISO 13918;4aa57a91-add5-11e4-9599-001e6754e0a4;41-06-020;arc-rd.jpg;;arc-rd.jpg;;Резьбовая шпилька;Дуговая сварка крепежа ARC;Углеродистая сталь;RD;6;;6;20;100 шт;Да;Крепеж;Приварной крепёж;Крепеж для дуговой сварки ARC
;41-08-020 Шпилька резьбовая углеродистая сталь 4.8 ARC (с алюминиевым кончиком и керамическим  кольцом RF 12) тип RD М8 х 20. DIN EN ISO 13918;35292f31-add6-11e4-9599-001e6754e0a4;41-08-020;arc-rd.jpg;;arc-rd.jpg;;Резьбовая шпилька;Дуговая сварка крепежа ARC;Углеродистая сталь;RD;8;;8;20;100 шт;Да;Крепеж;Приварной крепёж;Крепеж для дуговой сварки ARC
;41-08-030  Шпилька резьбовая углеродистая сталь 4.8 ARC (с алюминиевым кончиком и керамическим  кольцом RF 12) тип RD М8 х 30. DIN EN ISO 13918;4ddf5361-add6-11e4-9599-001e6754e0a4;41-08-030;arc-rd.jpg;;arc-rd.jpg;;Резьбовая шпилька;Дуговая сварка крепежа ARC;Углеродистая сталь;RD;8;;8;30;100 шт;Да;Крепеж;Приварной крепёж;Крепеж для дуговой сварки ARC
;41-10-030  Шпилька резьбовая углеродистая сталь 4.8 ARC (с алюминиевым кончиком и керамическим  кольцом RF 12) тип RD М10 х 30. DIN EN ISO 13918;62611cb1-add6-11e4-9599-001e6754e0a4;41-10-030;arc-rd.jpg;;arc-rd.jpg;;Резьбовая шпилька;Дуговая сварка крепежа ARC;Углеродистая сталь;RD;10;;10;30;100 шт;Да;Крепеж;Приварной крепёж;Крепеж для дуговой сварки ARC
;41-10-040  Шпилька резьбовая углеродистая сталь 4.8 ARC (с алюминиевым кончиком и керамическим  кольцом RF 12) тип RD М10 х 40. DIN EN ISO 13918;0de187f1-add7-11e4-9599-001e6754e0a4;41-10-040;arc-rd.jpg;;arc-rd.jpg;;Резьбовая шпилька;Дуговая сварка крепежа ARC;Углеродистая сталь;RD;10;;10;40;100 шт;Да;Крепеж;Приварной крепёж;Крепеж для дуговой сварки ARC
;42-12-030 Шпилька резьбовая нержавеющая сталь А2-50 ARC (с алюминиевым кончиком и керамическим  кольцом RF 12) тип RD М12 х 30. DIN EN ISO 13918;2ef58d2c-b293-11e4-9599-001e6754e0a4;42-12-030;arc-rd_n.png;;arc-rd_n.png;;Резьбовая шпилька;Дуговая сварка крепежа ARC;Нержавеющая сталь;RD;12;;12;30;100 шт;Да;Крепеж;Приварной крепёж;Крепеж для дуговой сварки ARC
;41-12-040  Шпилька резьбовая углеродистая сталь 4.8 ARC (с алюминиевым кончиком и керамическим  кольцом RF 12) тип RD М12 х 40. DIN EN ISO 13918;06007a14-c260-11e4-9599-001e6754e0a4;41-12-040;arc-rd.jpg;;arc-rd.jpg;;Резьбовая шпилька;Дуговая сварка крепежа ARC;Углеродистая сталь;RD;12;;12;40;100 шт;Да;Крепеж;Приварной крепёж;Крепеж для дуговой сварки ARC
;46-12-040-MPF  Шпилька резьбовая углеродистая сталь 4.8 ARC (с алюминиевым кончиком и керамическим  кольцом RF 12)  тип RD/MPF М12 х 40. DIN EN ISO 13918;8461dede-c260-11e4-9599-001e6754e0a4;46-12-040-MPF;arc-rd.jpg;;arc-rd.jpg;;Резьбовая шпилька;Дуговая сварка крепежа ARC;Углеродистая сталь;RD;12;;12;40;100 шт;Да;Крепеж;Приварной крепёж;Крепеж для дуговой сварки ARC
;41-10-035  Шпилька резьбовая углеродистая сталь 4.8 ARC (с алюминиевым кончиком и керамическим  кольцом RF 12) тип RD М10 х 35. DIN EN ISO 13918;d88eaef1-c278-11e4-9599-001e6754e0a4;41-10-035;arc-rd.jpg;;arc-rd.jpg;;Резьбовая шпилька;Дуговая сварка крепежа ARC;Углеродистая сталь;RD;10;;10;35;100 шт;Да;Крепеж;Приварной крепёж;Крепеж для дуговой сварки ARC
;42-10-040 Шпилька резьбовая нержавеющая сталь А2-50 ARC (с алюминиевым кончиком и керамическим  кольцом RF 10) тип RD М10 х 40. DIN EN ISO 13918;9e49de3b-d160-11e4-9599-001e6754e0a4;42-10-040;arc-rd_n.png;;arc-rd_n.png;;Резьбовая шпилька;Дуговая сварка крепежа ARC;Нержавеющая сталь;RD;10;;10;40;100 шт;Да;Крепеж;Приварной крепёж;Крепеж для дуговой сварки ARC
;75-22-100 Гибкий упор тип SD1 сталь S235J2+C450 диаметр 22 х 100  DIN EN ISO 13918;80878577-d87e-11e4-9599-001e6754e0a4;75-22-100;arc-SD.png;;arc-SD.png;;Гибкий упор;Дуговая сварка крепежа ARC;Сталь;SD1;нет;;22;100;100 шт;Нет;Крепеж;Приварной крепёж;Крепеж для дуговой сварки ARC
;75-22-200 Гибкий упор тип SD1 сталь S235J2+C450 диаметр 22 х 200, DIN EN ISO 13918;e66ae537-d87e-11e4-9599-001e6754e0a4;75-22-200;arc-SD.png;;arc-SD.png;;Гибкий упор;Дуговая сварка крепежа ARC;Сталь;SD1;нет;;22;200;100 шт;Нет;Крепеж;Приварной крепёж;Крепеж для дуговой сварки ARC
;51-10-025 Шпилька резьбовая сталь ARC (без алюминиевого кончика и керамического кольца) тип RD М10 x 25;52121012-970c-11e0-9629-000423dd84e7;51-10-025;arc-rd.jpg;;arc-rd.jpg;;Резьбовая шпилька;Дуговая сварка крепежа ARC;Сталь;RD;10;;10;25;100 шт;Да;Крепеж;Приварной крепёж;Крепеж для дуговой сварки ARC
;51-08-015 Шпилька резьбовая сталь ARC (без алюминиевого кончика и керамического кольца) тип RD М8 x 15;52121014-970c-11e0-9629-000423dd84e7;51-08-015;arc-rd.jpg;;arc-rd.jpg;;Резьбовая шпилька;Дуговая сварка крепежа ARC;Сталь;RD;8;;8;25;100 шт;Да;Крепеж;Приварной крепёж;Крепеж для дуговой сварки ARC
;51-10-040 Шпилька резьбовая сталь ARC (без алюминиевого кончика и керамического кольца) тип RD М10 x 40;52121016-970c-11e0-9629-000423dd84e7;51-10-040;arc-rd.jpg;;arc-rd.jpg;;Резьбовая шпилька;Дуговая сварка крепежа ARC;Сталь;RD;10;;10;40;100 шт;Да;Крепеж;Приварной крепёж;Крепеж для дуговой сварки ARC
;51-12-030 Шпилька резьбовая сталь ARC (без алюминиевого кончика и керамического кольца) тип RD М12 x 30;52121018-970c-11e0-9629-000423dd84e7;51-12-030;arc-rd.jpg;;arc-rd.jpg;;Резьбовая шпилька;Дуговая сварка крепежа ARC;Сталь;RD;12;;12;30;100 шт;Да;Крепеж;Приварной крепёж;Крепеж для дуговой сварки ARC
;74-10-025 Шпилька нерезьбовая сталь ARC (без алюминиевого кончика и керамического кольца) тип UD М10 x 25;936e43a8-9712-11e0-9629-000423dd84e7;74-10-025;arc-ud.jpg;;arc-ud.jpg;;Нерезьбовая шпилька;Дуговая сварка крепежа ARC;Сталь;UD;нет;;10;25;100 шт;Нет;Крепеж;Приварной крепёж;Крепеж для дуговой сварки ARC
;74-10-025К Шпилька нерезьбовая сталь ARC (с алюминиевым кончиком и керамическим  кольцом) тип UD М10 х 25;936e43aa-9712-11e0-9629-000423dd84e7;74-10-025К;arc-ud.jpg;;arc-ud.jpg;;Нерезьбовая шпилька;Дуговая сварка крепежа ARC;Сталь;UD;нет;;10;25;100 шт;Нет;Крепеж;Приварной крепёж;Крепеж для дуговой сварки ARC
;46-08-030-MPF  Шпилька резьбовая углеродистая сталь 4.8 ARC (в комплекте с алюминиевым кончиком и керамическим  кольцом RF 8 /7300-008/) тип MPF  М8 х 30. DIN EN ISO 13918;595015b4-2be2-11e8-9675-001e6754e0a4;46-08-030-MPF;arc-pd.jpg;;arc-pd.jpg;;Резьбовая шпилька;Дуговая сварка крепежа ARC;Сталь;MPF;10;;10;25;500 шт;Да;Крепеж;Приварной крепёж;Крепеж для дуговой сварки ARC
;46-12-030-MPFШпилька резьбовая углеродистая сталь 4.8 ARC  (в комплекте с алюминиевым кончиком и керамическим  кольцом RF 10) тип MPF М12 х 30. DIN EN ISO 13918;2e82a314-2be3-11e8-9675-001e6754e0a4;46-12-030-MPF;arc-pd.jpg;;arc-pd.jpg;;Резьбовая шпилька;Дуговая сварка крепежа ARC;Сталь;MPF;12;;12;30;100 шт;Да;Крепеж;Приварной крепёж;Крепеж для дуговой сварки ARC
;61-10-040 М6Х9 Втулка резьбовая сталь 4,8 без покрытия ARC (с алюминевым шариком в комплекте с керамическим кольцом UF 12) Scholer+Bolte тип ID, резьба М6, наружний диаметр D10, длина втулки 40 мм М 6 х 40 ;77938324-2be4-11e8-9675-001e6754e0a4;61-10-040  М6Х9;arc-id.png;;arc-id.png;;Резьбовая втулка;Дуговая сварка крепежа ARC;Сталь;ID;6;;10;40;100 шт;Да;Крепеж;Приварной крепёж;Крепеж для дуговой сварки ARC
;61-12-040 М8Х12 Втулка резьбовая сталь 4,8 без покрытия ARC (с алюминевым шариком в комплекте с керамическим кольцом UF 12) Scholer+Bolte тип ID, резьба М8, наружний диаметр D12, длина втулки 40 мм М8 х 40;49b0ba34-2be5-11e8-9675-001e6754e0a4;61-12-040  М8Х12;arc-id.png;;arc-id.png;;Резьбовая втулка;Дуговая сварка крепежа ARC;Сталь;ID;8;;12;40;100 шт;Да;Крепеж;Приварной крепёж;Крепеж для дуговой сварки ARC
;61-16-040 М10Х15 Втулка резьбовая сталь 4,8 без покрытия ARC (с алюминевым шариком в комплекте с керамическим кольцом UF 12) Scholer+Bolte тип ID, резьба М10, наружний диаметр D16, длина втулки 40 мм М10 х 40;ea956314-2be5-11e8-9675-001e6754e0a4;61-16-040  М10Х15;arc-id.png;;arc-id.png;;Резьбовая втулка;Дуговая сварка крепежа ARC;Сталь;ID;10;;16;40;100 шт;Да;Крепеж;Приварной крепёж;Крепеж для дуговой сварки ARC
;61-10-016 М6Х7 Втулка резьбовая сталь 4,8 без покрытия ARC (с алюминевым шариком в комплекте с керамическим кольцом UF 12) тип ID, резьба М6, наружний диаметр D10, длина втулки 16 мм М6 х 16 в соответствии с DIN EN ISO 13918;988a6f72-9f23-11e9-982c-001e6754e0a5;61-10-016  М6Х7;arc-id.png;;arc-id.png;;Резьбовая втулка;Дуговая сварка крепежа ARC;Сталь;ID;6;;10;16;100 шт;Да;Крепеж;Приварной крепёж;Крепеж для дуговой сварки ARC
;61-10-020 М6Х9 Втулка резьбовая сталь 4,8 без покрытия ARC (с алюминевым шариком в комплекте с керамическим кольцом UF 12)  тип ID, резьба М6, наружний диаметр D10, длина втулки 20 мм М6 х 20 в соответствии с DIN EN ISO 13918;db5c750c-9f23-11e9-982c-001e6754e0a5;61-10-020  М6Х9;arc-id.png;;arc-id.png;;Резьбовая втулка;Дуговая сварка крепежа ARC;Сталь;ID;6;;10;20;100 шт;Да;Крепеж;Приварной крепёж;Крепеж для дуговой сварки ARC
;61-12-015 М8Х8 Втулка резьбовая сталь 4,8 без покрытия ARC (с алюминевым шариком в комплекте с керамическим кольцом UF 12) тип ID, резьба М8, наружний диаметр D12, длина втулки 15 мм М8 х 15 в соответствии с DIN EN ISO 13918;2ecffe7f-9f24-11e9-982c-001e6754e0a5;61-12-015  М8Х8;arc-id.png;;arc-id.png;;Резьбовая втулка;Дуговая сварка крепежа ARC;Сталь;ID;8;;12;15;100 шт;Да;Крепеж;Приварной крепёж;Крепеж для дуговой сварки ARC
;61-12-016 М8Х8 Втулка резьбовая сталь 4,8 без покрытия ARC (с алюминевым шариком в комплекте с керамическим кольцом UF 12) тип ID, резьба М8, наружний диаметр D12, длина втулки 16 мм М8 х 16 в соответствии с DIN EN ISO 13918;58d12aff-9f24-11e9-982c-001e6754e0a5;61-12-016  М8Х8;arc-id.png;;arc-id.png;;Резьбовая втулка;Дуговая сварка крепежа ARC;Сталь;ID;8;;12;16;100 шт;Да;Крепеж;Приварной крепёж;Крепеж для дуговой сварки ARC
;61-14,6-040 М10Х15 Втулка резьбовая сталь 4,8 без покрытия ARC (с алюминевым шариком в комплекте с керамическим кольцом UF 12) тип ID, резьба М10, наружний диаметр D14,6, длина втулки 40 мм М10 х 40  в соответствии с DIN EN ISO 13918;02aaab5a-9f25-11e9-982c-001e6754e0a5;61-14,6-040 М10Х15;arc-id.png;;arc-id.png;;Резьбовая втулка;Дуговая сварка крепежа ARC;Сталь;ID;10;;14,6;40;100 шт;Да;Крепеж;Приварной крепёж;Крепеж для дуговой сварки ARC
;61-12-030 М8Х12 Втулка резьбовая сталь 4,8 без покрытия ARC (с алюминевым шариком в комплекте с керамическим кольцом UF 12)  тип ID, резьба М8, наружний диаметр D12, длина втулки 30 мм М8 х 30 Scholer+Bolte;e08e1a44-9f25-11e9-982c-001e6754e0a5;61-12-030  М8Х12;arc-id.png;;arc-id.png;;Резьбовая втулка;Дуговая сварка крепежа ARC;Сталь;ID;8;;12;30;100 шт;Да;Крепеж;Приварной крепёж;Крепеж для дуговой сварки ARC
;44-08-050 Шпилька резьбовая сталь ARC с алюминиевым кончиком, полная резьба с керамическим кольцом тип МD М8 x 50 Scholer +Bolte;598f07b9-369f-11e5-997b-001e6754e0a4;44-08-050;arc-md.png;;arc-md.png;;Резьбовая шпилька;Дуговая сварка крепежа ARC;Сталь;MD;8;;8;50;100 шт;Да;Крепеж;Приварной крепёж;Крепеж для дуговой сварки ARC
;10-70-612W Болт заземления с пластиковым колпачком сталь 8.8 омедненная М6х12;08aae611-e998-11e8-99fa-001e6754e0a5;10-70-612W;ARC-bolt_zazemlen.png;;ARC-bolt_zazemlen.png;;Болт заземления;Дуговая сварка крепежа ARC;Омедненная сталь;нет;6;;6;12;1000 шт;Да;Крепеж;Приварной крепёж;Крепеж для дуговой сварки ARC
;42-10-055 Шпилька резьбовая нержавеющая сталь А2-50 ARC (в комплекте с керамическим  кольцом RF 10) тип RD  М10 х 55 DIN EN ISO 13918;75f814c0-ec0c-11e8-99fa-001e6754e0a5;42-10-055 без кольца;arc-rd_n.png;;arc-rd_n.png;;Резьбовая шпилька;Дуговая сварка крепежа ARC;Нержавеющая сталь;RD;10;;10;55;100 шт;Да;Крепеж;Приварной крепёж;Крепеж для дуговой сварки ARC
;61-12-060 Шпилька резьбовая сталь ARC (без алюминиевого кончика и керамического кольца) тип РD М12 x 60;298ae61a-b38b-42cd-9a28-fa39195a7eaf;61-12-060;arc-pd.png;;arc-pd.png;;Резьбовая шпилька;Дуговая сварка крепежа ARC;Сталь;PD;12;;12;60;100 шт;Да;Крепеж;Приварной крепёж;Крепеж для дуговой сварки ARC
;42-12-100 Шпилька резьбовая нержавеющая сталь ARC (с алюминиевым кончиком и керамическим кольцом) тип RD М12 х 100 DIN EN ISO 13918;f2bfa49e-6aac-11ea-9a7e-001e6754e0a5;42-12-100* (с кольцом);arc-rd_n.png;;arc-rd_n.png;;Резьбовая шпилька;Дуговая сварка крепежа ARC;Нержавеющая сталь;RD;12;;12;100;100 шт;Да;Крепеж;Приварной крепёж;Крепеж для дуговой сварки ARC
;42-06-045 Шпилька резьбовая нержавеющая сталь А2-50  ARC  (в комплекте с керамическим  кольцом RF 6) тип RD М6 х 45 DIN EN ISO 13918;f42786ef-6aad-11ea-9a7e-001e6754e0a5;42-06-045* (с кольцом);arc-rd_n.png;;arc-rd_n.png;;Резьбовая шпилька;Дуговая сварка крепежа ARC;Нержавеющая сталь;RD;6;;6;45;100 шт;Да;Крепеж;Приварной крепёж;Крепеж для дуговой сварки ARC
;"78-14-12-025-DUO/MPF Шпилька резьбовая нержавеющая сталь ARC тип DUO материал А-сталь 4,8; материал В-нержавеющая сталь 1.4571 (с алюминиевым кончиком и керамическим кольцом) тип MPF М12 х 25";924a4a4b-7d8e-11ea-9a7e-001e6754e0a5;78-14-12-025-DUO/MPF (без кольца);arc-pd.jpg;;arc-pd.jpg;;Резьбовая шпилька;Дуговая сварка крепежа ARC;Нержавеющая сталь;MPF;12;;12;25;100 шт;Да;Крепеж;Приварной крепёж;Крепеж для дуговой сварки ARC
;"78-14-12-050-DUO/MPF Шпилька резьбовая нержавеющая сталь ARC тип DUO материал А-сталь 4,8; материал В-нержавеющая сталь 1.4571  (с алюминиевым кончиком и керамическим кольцом) тип MPF М12 х 50";b510920d-7d8e-11ea-9a7e-001e6754e0a5;78-14-12-050-DUO/MPF;arc-pd.jpg;;arc-pd.jpg;;Резьбовая шпилька;Дуговая сварка крепежа ARC;Нержавеющая сталь;MPF;12;;12;50;100 шт;Да;Крепеж;Приварной крепёж;Крепеж для дуговой сварки ARC
;42-10-035 Шпилька резьбовая нержавеющая сталь А2-50 ARC (в комплекте с керамическим  кольцом RF 10) тип RD  М10 х 35 DIN EN ISO 13918;adee5d7d-7f10-11ea-9a7e-001e6754e0a5;42-10-035* (с кольцом);arc-rd_n.png;;arc-rd_n.png;;Резьбовая шпилька;Дуговая сварка крепежа ARC;Нержавеющая сталь;RD;10;;10;35;100 шт;Да;Крепеж;Приварной крепёж;Крепеж для дуговой сварки ARC
;41-16-050 Шпилька резьбовая углеродистая сталь 4.8 ARC (с алюминиевым кончиком и керамическим  кольцом RF 12)  тип RD М16 х 50 DIN EN ISO 13918;9201d4ff-82c8-11ea-9a7e-001e6754e0a5;41-16-050;arc-rd.jpg;;arc-rd.jpg;;Резьбовая шпилька;Дуговая сварка крепежа ARC;Углеродистая сталь;RD;16;;16;50;100 шт;Да;Крепеж;Приварной крепёж;Крепеж для дуговой сварки ARC
;42-16-050 Шпилька резьбовая нержавеющая сталь ARC (с алюминиевым кончиком и керамическим кольцом) тип RD М16 х 50 DIN EN ISO 13918;51247e83-82ca-11ea-9a7e-001e6754e0a5;42-16-050;arc-rd_n.png;;arc-rd_n.png;;Резьбовая шпилька;Дуговая сварка крепежа ARC;Нержавеющая сталь;RD;16;;16;50;100 шт;Да;Крепеж;Приварной крепёж;Крепеж для дуговой сварки ARC
;51-10-030K Шпилька резьбовая стальная ARC (с алюминиевым кончиком и керамическим кольцом) тип RD М10 x 30;30f9ed9e-e94a-4587-9ab4-c6545449cf49;51-10-030K;arc-rd.jpg;;arc-rd.jpg;;Резьбовая шпилька;Дуговая сварка крепежа ARC;Сталь;RD;10;;10;30;100 шт;Да;Крепеж;Приварной крепёж;Крепеж для дуговой сварки ARC
;52-08-075K Шпилька резьбовая нержавеющая сталь ARC (с алюминиевым кончиком и керамическим кольцом RF8) тип RD М8 x 75;f2c86eb2-9b0d-4ad6-9b65-6f165c6167e2;52-08-075K;arc-rd_n.png;;arc-rd_n.png;;Резьбовая шпилька;Дуговая сварка крепежа ARC;Нержавеющая сталь;RD;8;;8;75;100 шт;Да;Крепеж;Приварной крепёж;Крепеж для дуговой сварки ARC
;46-12-050-MPF Шпилька резьбовая углеродистая сталь 4.8 ARC (с алюминиевым кончиком и керамическим  кольцом RF 12) тип RD/MPF М12 х 50 DIN EN ISO 13918;b9b64346-b9ff-11e5-9b6d-001e6754e0a4;46-12-050-MPF;arc-rd.jpg;;arc-rd.jpg;;Резьбовая шпилька;Дуговая сварка крепежа ARC;Углеродистая сталь;RD/MPF;12;;12;50;100 шт;Да;Крепеж;Приварной крепёж;Крепеж для дуговой сварки ARC
;46-12-060-MPF Шпилька резьбовая  углеродистая сталь 4.8 ARC (с алюминиевым кончиком и керамическим  кольцом RF 12) тип RD/MPF М12 х 60 DIN EN ISO 13918;d131c495-b9ff-11e5-9b6d-001e6754e0a4;46-12-060-MPF;arc-rd.jpg;;arc-rd.jpg;;Резьбовая шпилька;Дуговая сварка крепежа ARC;Углеродистая сталь;RD/MPF;12;;12;60;100 шт;Да;Крепеж;Приварной крепёж;Крепеж для дуговой сварки ARC
;46-12-050-PD Шпилька резьбовая углеродистая сталь 4.8 ARC (с алюминиевым кончиком и керамическим  кольцом RF 12) тип RD М12 х 50 DIN EN ISO 13918;ddc561eb-bdb6-11e5-9b6d-001e6754e0a4;46-12-050 PD;arc-rd.jpg;;arc-rd.jpg;;Резьбовая шпилька;Дуговая сварка крепежа ARC;Углеродистая сталь;RD;12;;12;50;100 шт;Да;Крепеж;Приварной крепёж;Крепеж для дуговой сварки ARC
;46-12-040-PD Шпилька резьбовая углеродистая сталь 4.8 ARC (с алюминиевым кончиком и керамическим  кольцом RF 12) тип RD  М12 х 40 DIN EN ISO 13918;14a38e3b-bdb7-11e5-9b6d-001e6754e0a4;46-12-040-PD;arc-rd.jpg;;arc-rd.jpg;;Резьбовая шпилька;Дуговая сварка крепежа ARC;Углеродистая сталь;RD;12;;12;40;100 шт;Да;Крепеж;Приварной крепёж;Крепеж для дуговой сварки ARC
;46-08-025-MPF/PD Шпилька резьбовая углеродистая сталь 4.8 ARC (с алюминиевым кончиком и керамическим кольцом KSP-F 8 /72-00-008-F/) тип MPF/PD М8 х 25 DIN EN ISO 13918;ff489d1e-d543-11e5-9b6d-001e6754e0a4;46-08-025-MPF/PD;arc-pd.jpg;;arc-pd.jpg;;Резьбовая шпилька;Дуговая сварка крепежа ARC;Углеродистая сталь;MPF/PD;8;;8;25;100 шт;Да;Крепеж;Приварной крепёж;Крепеж для дуговой сварки ARC
;41-10-045 Шпилька резьбовая углеродистая сталь 4.8 ARC (в комплекте с алюминиевым кончиком и керамическим  кольцом RF 10)  тип RD М10 х 45 DIN EN ISO 13918;32567bf4-7339-11e5-9d04-001e6754e0a4;41-10-045;arc-rd.jpg;;arc-rd.jpg;;Резьбовая шпилька;Дуговая сварка крепежа ARC;Углеродистая сталь;RD;10;;10;45;100 шт;Да;Крепеж;Приварной крепёж;Крепеж для дуговой сварки ARC
;71-00-006 Керамическое кольцо RF 6 в соответствии с EN ISO 13918;ac249e98-77f9-11e5-9d04-001e6754e0a4;71-00-006;arc-kolco.jpg;;arc-keramkolco.png;;Керамическое кольцо;Дуговая сварка крепежа ARC;Керамика;RF;нет;;;;100 шт;Нет;Крепеж;Приварной крепёж;Крепеж для дуговой сварки ARC
;71-00-010 Керамическое кольцо RF 10 в соответствии с EN ISO 13918;bfcc3488-77f9-11e5-9d04-001e6754e0a4;71-00-010;arc-kolco.jpg;;arc-keramkolco.png;;Керамическое кольцо;Дуговая сварка крепежа ARC;Керамика;RF;нет;;;;100 шт;Нет;Крепеж;Приварной крепёж;Крепеж для дуговой сварки ARC
;52-06-015K Шпилька резьбовая нержавеющая сталь ARC (с алюминиевым кончиком и керамическим кольцом) тип RD М6 x 15;a66283f1-d037-4e99-9d5a-228c18aca6db;52-06-015K;arc-rd_n.png;;arc-rd_n.png;;Резьбовая шпилька;Дуговая сварка крепежа ARC;Нержавеющая сталь;RD;6;;6;15;100 шт;Да;Крепеж;Приварной крепёж;Крепеж для дуговой сварки ARC
;42-08-025 Шпилька резьбовая нержавеющая сталь А2-50 ARC (в комплекте с алюминиевым кончиком и керамическим  кольцом RF 8)  тип RD М8 х 25 DIN EN ISO 13918;edc00169-38af-11e8-9ee9-001e6754e0a5;42-08-025 без кольца;arc-rd_n.png;;arc-rd_n.png;;Резьбовая шпилька;Дуговая сварка крепежа ARC;Нержавеющая сталь;RD;8;;8;25;100 шт;Да;Крепеж;Приварной крепёж;Крепеж для дуговой сварки ARC
;52-10-030К Шпилька резьбовая нержавеющая сталь ARC (с алюминиевым кончиком и керамическим кольцом) тип RD М10 x 30;4f14bb7c-60df-11e4-9f92-001e6754e0a4;52-10-030К;arc-rd_n.png;;arc-rd_n.png;;Резьбовая шпилька;Дуговая сварка крепежа ARC;Нержавеющая сталь;RD;10;;10;30;100 шт;Да;Крепеж;Приварной крепёж;Крепеж для дуговой сварки ARC
;44-12-040 Шпилька резьбовая сталь 4,8 ARC с алюминиевым кончиком, полная резьба в комплекте с керамическим кольцом UF 12 тип МD(DD)  М12 x 40 ;e99f0e61-7a1b-11e4-9f92-001e6754e0a4;44-12-040;arc-md.png;;arc-md.png;;Резьбовая шпилька;Дуговая сварка крепежа ARC;Сталь;MD/DD;12;;12;40;100 шт;Да;Крепеж;Приварной крепёж;Крепеж для дуговой сварки ARC
;75-19-125 Гибкий упор тип SD1 d 19 x 125 DIN EN ISO 13918 , материал S235J2+C450 CE 2323 - CPD 11777 -- ETA-11/0120 в комплекте с керамическим кольцом тип UF 19 DIN EN ISO 13918;63dcf483-376d-11ea-a00a-001e6754e0a5;75-19-125;arc-SD.png;;arc-SD.png;;Гибкий упор;Дуговая сварка крепежа ARC;Сталь;SD1;нет;;19;125;100 шт;Нет;Крепеж;Приварной крепёж;Крепеж для дуговой сварки ARC
;50-60-022 Керамическое кольцо UF 22 DIN EN ISO 13918;f9c174ae-4359-11ea-a00a-001e6754e0a5;50-60-022;arc-kolco.jpg;;arc-keramkolco.png;;Керамическое кольцо;Дуговая сварка крепежа ARC;Керамика;UF;нет;;;;1000 шт;Нет;Крепеж;Приварной крепёж;Крепеж для дуговой сварки ARC
;47-08-025-MPF Шпилька резьбовая нержавеющая сталь A2-50 ARC (с алюминиевым кончиком и керамическим кольцом) тип PD/MPF М8 х 25;ac75216a-4997-11ea-a00a-001e6754e0a5;47-08-025-MPF* с кольцом;arc-pd.jpg;;arc-pd.jpg;;Резьбовая шпилька;Дуговая сварка крепежа ARC;Нержавеющая сталь;PD/MPF;8;;8;28;100 шт;Да;Крепеж;Приварной крепёж;Крепеж для дуговой сварки ARC
;42-10-025 Шпилька резьбовая нержавеющая сталь A2-50 ARC (с алюминиевым кончиком и керамическим кольцом RF 10) тип RD М10 х 25 DIN EN ISO 13918;0d2240e6-4998-11ea-a00a-001e6754e0a5;42-10-025* с кольцом;arc-rd_n.png;;arc-rd_n.png;;Резьбовая шпилька;Дуговая сварка крепежа ARC;Нержавеющая сталь;RD;10;;10;25;100 шт;Да;Крепеж;Приварной крепёж;Крепеж для дуговой сварки ARC
;42-10-055 Шпилька резьбовая нержавеющая сталь A2-50 ARC (с алюминиевым кончиком и керамическим кольцом RF 10) тип RD М10 х 55 DIN EN ISO 13918;5b4c8b12-4998-11ea-a00a-001e6754e0a5;42-10-055* с кольцом;arc-rd_n.png;;arc-rd_n.png;;Резьбовая шпилька;Дуговая сварка крепежа ARC;Нержавеющая сталь;RD;10;;10;55;100 шт;Да;Крепеж;Приварной крепёж;Крепеж для дуговой сварки ARC
;42-08-025 Шпилька резьбовая нержавеющая сталь A2-50 ARC (с алюминиевым кончиком и керамическим кольцом RF 8) тип RD М8 х 25 DIN EN ISO 13918;097f185a-4999-11ea-a00a-001e6754e0a5;42-08-025* с кольцом;arc-rd_n.png;;arc-rd_n.png;;Резьбовая шпилька;Дуговая сварка крепежа ARC;Нержавеющая сталь;RD;8;;8;25;100 шт;Да;Крепеж;Приварной крепёж;Крепеж для дуговой сварки ARC
;42-06-040 Шпилька резьбовая нержавеющая сталь A2-50 ARC (с алюминиевым кончиком и керамическим кольцом RF 6) тип RD М6 х 40 DIN EN ISO 13918;08c9716a-499b-11ea-a00a-001e6754e0a5;42-06-040 (без кольца);arc-rd_n.png;;arc-rd_n.png;;Резьбовая шпилька;Дуговая сварка крепежа ARC;Нержавеющая сталь;RD;6;;6;40;100 шт;Да;Крепеж;Приварной крепёж;Крепеж для дуговой сварки ARC
;75-19-150 Гибкий упор тип SD1 d 19 x 150DIN EN ISO 13918 , материал S235J2+C450 CE 2323 - CPD 11777 -- ETA-11/0120 в комплекте с керамическим кольцом тип UF 19 DIN EN ISO 13918;d9af31b5-4e24-11ea-a00a-001e6754e0a5;75-19-150;arc-SD.png;;arc-SD.png;;Гибкий упор;Дуговая сварка крепежа ARC;Сталь;SD1;нет;;19;150;100 шт;Нет;Крепеж;Приварной крепёж;Крепеж для дуговой сварки ARC
;75-22-125 Гибкий упор тип SD1 диаметр 22 х 125, материал S235J2+C450  DIN EN ISO 13918;ab98ce5d-4e25-11ea-a00a-001e6754e0a5;75-22-125;arc-SD.png;;arc-SD.png;;Гибкий упор;Дуговая сварка крепежа ARC;Сталь;SD1;нет;;22;125;100 шт;Нет;Крепеж;Приварной крепёж;Крепеж для дуговой сварки ARC
;46-06-020-MPF/PD Шпилька резьбовая  углеродистая сталь 4.8 ARC (с алюминиевым кончиком и керамическим  кольцом RF 6 /7300-006/)  тип MPF/PD М6 х 20 DIN EN ISO 13918;ab20f5f1-0b5b-11e5-a12f-001e6754e0a4;46-06-020-MPF/PD;arc-pd.jpg;;arc-pd.jpg;;Резьбовая шпилька;Дуговая сварка крепежа ARC;Углеродистая сталь;MPF/PD;6;;6;20;100 шт;Да;Крепеж;Приварной крепёж;Крепеж для дуговой сварки ARC
;46-08-020-MPF/PD Шпилька резьбовая углеродистая сталь 4.8 ARC (с алюминиевым кончиком и керамическим  кольцом RF 8 /7300-008/)  тип MPF/PD М8 х 20 DIN EN ISO 13918;c3924cdd-0b5b-11e5-a12f-001e6754e0a4;46-08-020-MPF/PD;arc-pd.jpg;;arc-pd.jpg;;Резьбовая шпилька;Дуговая сварка крепежа ARC;Углеродистая сталь;MPF/PD;8;;8;20;100 шт;Да;Крепеж;Приварной крепёж;Крепеж для дуговой сварки ARC
;71-12-070  Шпилька резьбовая сталь ARC (без алюминиевого кончика и керамического кольца) тип PD M12 x 70;2c018ae0-57d0-11e1-a289-000423dd84e7;71-12-070;arc-pd.png;;arc-pd.png;;Резьбовая шпилька;Дуговая сварка крепежа ARC;Сталь;PD;12;;12;70;100 шт;Да;Крепеж;Приварной крепёж;Крепеж для дуговой сварки ARC
;71-10-055  Шпилька резьбовая сталь ARC (без алюминиевого кончика и керамического кольца) тип PD M10 x 55 Резьбовая часть длиной 40 мм;92812bc1-5871-11e1-a289-000423dd84e7;71-10-055;arc-pd.png;;arc-pd.png;;Резьбовая шпилька;Дуговая сварка крепежа ARC;Сталь;PD;10;;10;55;100 шт;Да;Крепеж;Приварной крепёж;Крепеж для дуговой сварки ARC
;78-10-055  Шпилька резьбовая оцинкованная сталь ST37-3K 4.8 ARC (без алюминиевого кончика и керамического кольца) тип PD M10 x 55;a7f178eb-5ea4-11e1-a289-000423dd84e7;78-10-055;arc-pd.png;;arc-pd.png;;Резьбовая шпилька;Дуговая сварка крепежа ARC;Оцинкованная сталь;PD;10;;10;55;100 шт;Да;Крепеж;Приварной крепёж;Крепеж для дуговой сварки ARC
;78-12-070  Шпилька резьбовая оцинкованная сталь ARC (без алюминиевого кончика и керамического кольца) тип PD M12 x 70;a7f178ed-5ea4-11e1-a289-000423dd84e7;78-12-070;arc-pd.png;;arc-pd.png;;Резьбовая шпилька;Дуговая сварка крепежа ARC;Оцинкованная сталь;PD;12;;12;70;100 шт;Да;Крепеж;Приварной крепёж;Крепеж для дуговой сварки ARC
;"78-14-10-035-DUO/MPF Шпилька резьбовая  нержавеющая сталь ARC с алюминиевым кончиком и керамическим кольцом DUO материал А-сталь 4,8; материал В-нержавеющая сталь 1.4571 тип MPF М10 х 35";9ad6b54f-62a4-11e9-a29e-001e6754e0a5;78-14-10-035-DUO/MPF;arc-pd.jpg;;arc-pd.jpg;;Резьбовая шпилька;Дуговая сварка крепежа ARC;Нержавеющая сталь;MPF;6;;6;40;100 шт;Да;Крепеж;Приварной крепёж;Крепеж для дуговой сварки ARC
;50-50-008 Керамическое кольцо KRRD 8;82c6f184-cf42-480d-a325-9bb5c3e9ed0f;50-50-008;arc-kolco.jpg;;arc-keramkolco.png;;Керамическое кольцо;Дуговая сварка крепежа ARC;Керамика;KRRD;нет;;;;100 шт;Нет;Крепеж;Приварной крепёж;Крепеж для дуговой сварки ARC
;54-06-030 Шпилька резьбовая нержавеющая сталь А2-50 1.4301 ARC  (с алюминиевым кончиком и керамическим кольцом) тип МD (полная резьба) М6 х 30 ;3afd570b-3504-11e5-a42a-001e6754e0a4;54-06-030;arc-md.png;;arc-md.png;;Резьбовая шпилька;Дуговая сварка крепежа ARC;Нержавеющая сталь;MD;6;;6;40;1000 шт;Да;Крепеж;Приварной крепёж;Крепеж для дуговой сварки ARC
;75-00-006 Керамическое кольцо UF 6 в соответствии с EN ISO 13918;8f05f19b-3504-11e5-a42a-001e6754e0a4;75-00-006;arc-kolco.jpg;;arc-keramkolco.png;;Керамическое кольцо;Дуговая сварка крепежа ARC;Керамика;UF;нет;;;;100 шт;Нет;Крепеж;Приварной крепёж;Крепеж для дуговой сварки ARC
;54-08-040 Шпилька резьбовая нержавеющая сталь А2-50 1.4301 ARC (с алюминиевым кончиком и керамическим кольцом) тип МD (полная резьба) М8 х 40;b5e4a86b-3504-11e5-a42a-001e6754e0a4;54-08-040;arc-md.png;;arc-md.png;;Резьбовая шпилька;Дуговая сварка крепежа ARC;Нержавеющая сталь;MD;8;;8;40;1000 шт;Да;Крепеж;Приварной крепёж;Крепеж для дуговой сварки ARC
;75-00-008 Керамическое кольцо UF 8 в соответствии с EN ISO 13918;e730978c-3504-11e5-a42a-001e6754e0a4;75-00-008;arc-kolco.jpg;;arc-keramkolco.png;;Керамическое кольцо;Дуговая сварка крепежа ARC;Керамика;UF;нет;;;;100 шт;Нет;Крепеж;Приварной крепёж;Крепеж для дуговой сварки ARC
;75-00-010 Керамическое кольцо UF 10 в соответствии с EN ISO 13918;71fd46bb-3505-11e5-a42a-001e6754e0a4;75-00-010;arc-kolco.jpg;;arc-keramkolco.png;;Керамическое кольцо;Дуговая сварка крепежа ARC;Керамика;UF;нет;;;;100 шт;Нет;Крепеж;Приварной крепёж;Крепеж для дуговой сварки ARC
;54-12-100 Шпилька резьбовая нержавеющая сталь A2-50 1.4301 ARC (с алюминиевым кончиком и керамическим кольцом) тип МD (полная резьба) М12 х 100;909aa5eb-3505-11e5-a42a-001e6754e0a4;54-12-100;arc-md.png;;arc-md.png;;Резьбовая шпилька;Дуговая сварка крепежа ARC;Нержавеющая сталь;MD;12;;12;100;1000 шт;Да;Крепеж;Приварной крепёж;Крепеж для дуговой сварки ARC
;75-00-012 Керамическое кольцо UF 12 в соответствии с EN ISO 13918;a2ea25eb-3505-11e5-a42a-001e6754e0a4;75-00-012;arc-kolco.jpg;;arc-keramkolco.png;;Керамическое кольцо;Дуговая сварка крепежа ARC;Керамика;UF;нет;;;;100 шт;Нет;Крепеж;Приварной крепёж;Крепеж для дуговой сварки ARC
;10-70-6151 Болт заземления с пластиковым колпачком оцинкованная сталь М6 х 15;675b702a-f0b9-11e5-a42d-001e6754e0a4;10-70-6151;ARC-bolt_zaz.jpg;;ARC-bolt_zaz.jpg;;Болт заземления;Дуговая сварка крепежа ARC;Оцинкованная сталь;нет;6;;6;15;1000 шт;Да;Крепеж;Приварной крепёж;Крепеж для дуговой сварки ARC
;42-10-030 Шпилька резьбовая нержавеющая сталь А2-50 ARC (в комплекте с керамическим  кольцом RF 10) тип RD М10 х 30 DIN EN ISO 13918;f0586ae0-1d61-11e9-a62e-001e6754e0a5;42-10-030;arc-rd_n.png;;arc-rd_n.png;;Резьбовая шпилька;Дуговая сварка крепежа ARC;Нержавеющая сталь;RD;10;;10;30;100 шт;Да;Крепеж;Приварной крепёж;Крепеж для дуговой сварки ARC
;47-06-020-MPF Шпилька резьбовая  нержавеющая сталь А2-50 ARC (с алюминиевым кончиком и керамическим кольцом) тип PD/MPF М6 х 20;ebd164ba-05ab-11e4-a646-001e6754e0a7;47-06-020-MPF;arc-rd.jpg;;arc-rd.jpg;;Резьбовая шпилька;Дуговая сварка крепежа ARC;Нержавеющая сталь;RD/MPF;6;;6;20;100 шт;Да;Крепеж;Приварной крепёж;Крепеж для дуговой сварки ARC
;47-12-030-MPF Шпилька резьбовая нержавеющая сталь А2-50 ARC (с алюминиевым кончиком и керамическим кольцом) тип PD/MPF) М12 х 30;1856cb1a-05ac-11e4-a646-001e6754e0a7;47-12-030-MPF;arc-rd.jpg;;arc-rd.jpg;;Резьбовая шпилька;Дуговая сварка крепежа ARC;Нержавеющая сталь;RD/MPF;12;;12;30;100 шт;Да;Крепеж;Приварной крепёж;Крепеж для дуговой сварки ARC
;47-12-035-MPF Шпилька резьбовая нержавеющая сталь А2-50 ARC (с алюминиевым кончиком и керамическим кольцом) тип PD/MPF М12 х 35;303505da-05ac-11e4-a646-001e6754e0a7;47-12-035-MPF;arc-rd.jpg;;arc-rd.jpg;;Резьбовая шпилька;Дуговая сварка крепежа ARC;Нержавеющая сталь;RD/MPF;12;;12;35;100 шт;Да;Крепеж;Приварной крепёж;Крепеж для дуговой сварки ARC
;47-12-045-MPF Шпилька резьбовая нержавеющая сталь А2-50 ARC (с алюминиевым кончиком и керамическим кольцом) тип PD/MPF М12 х 45;443a251a-05ac-11e4-a646-001e6754e0a7;47-12-045-MPF;arc-rd.jpg;;arc-rd.jpg;;Резьбовая шпилька;Дуговая сварка крепежа ARC;Нержавеющая сталь;RD/MPF;12;;12;45;100 шт;Да;Крепеж;Приварной крепёж;Крепеж для дуговой сварки ARC
;47-20-040-MPF Шпилька резьбовая нержавеющая сталь А2-50 ARC (с алюминиевым кончиком и керамическим кольцом) тип PD/MPF М20 х 40;6d46915a-05ac-11e4-a646-001e6754e0a7;47-20-040-MPF;arc-rd.jpg;;arc-rd.jpg;;Резьбовая шпилька;Дуговая сварка крепежа ARC;Нержавеющая сталь;RD/MPF;20;;20;40;100 шт;Да;Крепеж;Приварной крепёж;Крепеж для дуговой сварки ARC
;47-20-050-MPF Шпилька резьбовая нержавеющая сталь А2-50 ARC (с алюминиевым кончиком и керамическим кольцом) тип PD/MPF М20 х 50;900deb2a-05ac-11e4-a646-001e6754e0a7;47-20-050-MPF;arc-rd.jpg;;arc-rd.jpg;;Резьбовая шпилька;Дуговая сварка крепежа ARC;Нержавеющая сталь;RD/MPF;20;;20;50;100 шт;Да;Крепеж;Приварной крепёж;Крепеж для дуговой сварки ARC
;"78-14-12-030-DUO/MPF Шпилька резьбовая нержавеющая сталь ARC (с алюминиевым кончиком и кер. кольцом) тип DUO (материал А-сталь 4,8; материал В-нержавеющая сталь 1.4571) тип MPF М12 х 30";a9315aaa-05ad-11e4-a646-001e6754e0a7;78-14-12-030-DUO/MPF;arc-pd.jpg;;arc-pd.jpg;;Резьбовая шпилька;Дуговая сварка крепежа ARC;Нержавеющая сталь;MPF;12;;12;30;100 шт;Да;Крепеж;Приварной крепёж;Крепеж для дуговой сварки ARC
;61-08-030 Шпилька резьбовая сталь ARC (без алюминиевого кончика и керамического кольца) тип DD M8х30 ;5b0d2161-9bbf-4be0-a659-577431832cb2;61-08-030;arc-dd.png;;arc-dd.png;;Резьбовая шпилька;Дуговая сварка крепежа ARC;Сталь;DD;8;;8;30;100 шт;Да;Крепеж;Приварной крепёж;Крепеж для дуговой сварки ARC
;46-24-120-70 Шпилька резьбовая углеродистая сталь 4.8 ARC ( с алюминиевым кончиком и керамическим  кольцом RF 24) тип RD М24 х 120 Длина резьбовой части 70 мм DIN EN ISO 13918;cf1a34db-150b-11eb-a7b8-001e6754e0a5;46-24-120-70;arc-rd.jpg;;arc-rd.jpg;;Резьбовая шпилька;Дуговая сварка крепежа ARC;Углеродистая сталь;RD;24;;24;120;100 шт;Да;Крепеж;Приварной крепёж;Крепеж для дуговой сварки ARC
;41-10-035 Шпилька резьбовая углеродистая сталь 4.8 ARC ( с алюминиевым кончиком и керамическим  кольцом RF 10) тип RD М10 х 35 DIN EN ISO 13918;fad0bcc4-1521-11eb-a7b8-001e6754e0a5;41-10-035* (с кольцом);arc-rd.jpg;;arc-rd.jpg;;Резьбовая шпилька;Дуговая сварка крепежа ARC;Углеродистая сталь;RD;10;;10;35;100 шт;Да;Крепеж;Приварной крепёж;Крепеж для дуговой сварки ARC
;41-16-040 Шпилька резьбовая углеродистая сталь 4.8 ARC ( с алюминиевым кончиком и керамическим  кольцом RF 12) тип RD М16 х 40 DIN EN ISO 13918;4a3d320a-1523-11eb-a7b8-001e6754e0a5;41-16-040;arc-rd.jpg;;arc-rd.jpg;;Резьбовая шпилька;Дуговая сварка крепежа ARC;Углеродистая сталь;RD;16;;16;40;100 шт;Да;Крепеж;Приварной крепёж;Крепеж для дуговой сварки ARC
;61-10-015 М6Х7 Втулка резьбовая сталь 4,8 без покрытия ARC (с алюминевым шариком и с керамическим кольцом UF 12)  тип ID, резьба М6, наружний диаметр D10, длина втулки 15 мм М6 х 15 DIN EN ISO 13918;5e0e0a5b-fdab-11ea-a7c7-001e6754e0a5;61-10-015  М6Х7;arc-id.png;;arc-id.png;;Резьбовая втулка;Дуговая сварка крепежа ARC;Сталь;ID;6;;6;15;100 шт;Да;Крепеж;Приварной крепёж;Крепеж для дуговой сварки ARC
;61-14,6-020 М10Х8 Втулка резьбовая сталь 4,8 без покрытия ARC (с алюминевым шариком и с керамическим кольцом UF 12)  тип ID резьба М10, наружний диаметр D14,6, длина втулки 20 мм М10 х 8 DIN EN ISO 13918;7cbd0c93-fdaf-11ea-a7c7-001e6754e0a5;61-14,6-020 М10Х8;arc-id.png;;arc-id.png;;Резьбовая втулка;Дуговая сварка крепежа ARC;Сталь;ID;10;;10;8;100 шт;Да;Крепеж;Приварной крепёж;Крепеж для дуговой сварки ARC
;61-12-020 М8Х12 Втулка резьбовая сталь 4,8 без покрытия ARC (с алюминевым шариком и с керамическим кольцом UF 12) тип ID резьба М8, наружний диаметр D12, длина втулки 20 мм М8 х 20 DIN EN ISO 13918;54c9bf00-f616-11e7-a7eb-001e6754e0a4;61-12-020 М8Х12;arc-id.png;;arc-id.png;;Резьбовая втулка;Дуговая сварка крепежа ARC;Сталь;ID;8;;8;20;100 шт;Да;Крепеж;Приварной крепёж;Крепеж для дуговой сварки ARC
;51-08-045 Шпилька резьбовая стальная ARC с алюминиевым кончиком RD 8 x 45;bf648dfd-e882-11e6-a7f3-001e6754e0a4;51-08-045;arc-rd.jpg;;arc-rd.jpg;;Резьбовая шпилька;Дуговая сварка крепежа ARC;Сталь;RD;8;;8;45;100 шт;Да;Крепеж;Приварной крепёж;Крепеж для дуговой сварки ARC
;62-16-055KS Шпилька резьбовая нержавеющая сталь ARC тип DD M16 x 55;2924549d-af93-11e1-abe5-000423dd84e7;62-16-055KS;arc-dd.png;;arc-dd.png;;Резьбовая шпилька;Дуговая сварка крепежа ARC;Сталь;DD;16;;16;55;100 шт;Да;Крепеж;Приварной крепёж;Крепеж для дуговой сварки ARC
;62-20-055KS Шпилька резьбовая нержавеющая сталь ARC тип DD M20 x 55;2924549f-af93-11e1-abe5-000423dd84e7;62-20-055KS;arc-dd.png;;arc-dd.png;;Резьбовая шпилька;Дуговая сварка крепежа ARC;Сталь;DD;20;;20;55;100 шт;Да;Крепеж;Приварной крепёж;Крепеж для дуговой сварки ARC
;54-10-060 Шпилька резьбовая нержавеющая сталь A2-50 1.4301 ARC (с алюминиевым кончиком и керамическим кольцом) тип МD (полная резьба) М10 х 60;3700a85c-ab7b-11e3-abe8-001e6754e0a7;54-10-060;arc-md.png;;arc-md.png;;Резьбовая шпилька;Дуговая сварка крепежа ARC;Сталь;MD;10;;10;60;1000 шт;Да;Крепеж;Приварной крепёж;Крепеж для дуговой сварки ARC
;52-06-015 Шпилька резьбовая нержавеющая сталь ARC (без алюминиевого кончика и керамического кольца) тип RD 6 x 15;3c55b927-1e3b-4dce-ac32-e467b4bbe19c;52-06-015;arc-rd_n.png;;arc-rd_n.png;;Резьбовая шпилька;Дуговая сварка крепежа ARC;Нержавеющая сталь;RD;6;;6;15;100 шт;Да;Крепеж;Приварной крепёж;Крепеж для дуговой сварки ARC
;42-10-035 Шпилька резьбовая нержавеющая сталь А2-50 ARC (с керамическим  кольцом RF 10) тип RD М10 х 35 DIN EN ISO 13918;e13e933d-b8cf-11e7-ae74-001e6754e0a4;42-10-035 (без кольца);arc-rd_n.png;;arc-rd_n.png;;Резьбовая шпилька;Дуговая сварка крепежа ARC;Нержавеющая сталь;RD;10;;10;35;100 шт;Да;Крепеж;Приварной крепёж;Крепеж для дуговой сварки ARC
;42-06-025 Шпилька резьбовая нержавеющая сталь А2-50 ARC (с алюминиевым кончиком и керамическим  кольцом RF 6) тип RD М6 х 25 DIN EN ISO 13918;14ec13dc-5ed9-11e6-af6a-001e6754e0a4;42-06-025;arc-rd_n.png;;arc-rd_n.png;;Резьбовая шпилька;Дуговая сварка крепежа ARC;Нержавеющая сталь;RD;6;;6;25;100 шт;Да;Крепеж;Приварной крепёж;Крепеж для дуговой сварки ARC
;42-06-025 Шпилька резьбовая нержавеющая сталь 1.4571 ARC (с алюминиевым кончиком и керамическим  кольцом RF 6) тип RD М6 х 25 DIN EN ISO 13918;2cda542c-5ed9-11e6-af6a-001e6754e0a4;43-06-025;arc-rd_n.png;;arc-rd_n.png;;Резьбовая шпилька;Дуговая сварка крепежа ARC;Нержавеющая сталь;RD;6;;6;25;100 шт;Да;Крепеж;Приварной крепёж;Крепеж для дуговой сварки ARC
;72-00-010 Керамическое кольцо PF 10 в соответствии с EN ISO 13918;63d61daf-63a0-11e6-af6a-001e6754e0a4;72-00-010;arc-kolco.jpg;;arc-keramkolco.png;;Керамическое кольцо;Дуговая сварка крепежа ARC;Керамика;RF;нет;;;;100 шт;Нет;Крепеж;Приварной крепёж;Крепеж для дуговой сварки ARC
;71-00-012 Керамическое кольцо RF 12 в соответствии с EN ISO 13918;56b5ca39-65f0-11e6-af6a-001e6754e0a4;71-00-012;arc-kolco.jpg;;arc-keramkolco.png;;Керамическое кольцо;Дуговая сварка крепежа ARC;Керамика;RF;нет;;;;100 шт;Нет;Крепеж;Приварной крепёж;Крепеж для дуговой сварки ARC
;41-10-055 Шпилька резьбовая углеродистая сталь 4.8 ARC (с алюминиевым кончиком и керамическим  кольцом RF 10)  тип RD М10 х 55 DIN EN ISO 13918;8d832a49-750c-11e6-af6a-001e6754e0a4;41-10-055;arc-rd.jpg;;arc-rd.jpg;;Резьбовая шпилька;Дуговая сварка крепежа ARC;Углеродистая сталь;RD;10;;10;55;100 шт;Да;Крепеж;Приварной крепёж;Крепеж для дуговой сварки ARC
;41-10-065 Шпилька резьбовая углеродистая сталь 4.8 ARC (с алюминиевым кончиком и керамическим  кольцом RF 10)  тип RD М10 х 65 DIN EN ISO 13918;e336b5b9-750c-11e6-af6a-001e6754e0a4;41-10-065;arc-rd.jpg;;arc-rd.jpg;;Резьбовая шпилька;Дуговая сварка крепежа ARC;Углеродистая сталь;RD;10;;10;65;100 шт;Да;Крепеж;Приварной крепёж;Крепеж для дуговой сварки ARC
;75-22-250 Гибкий упор тип SD1 диаметр 22 х 250, материал S235J2+C450  DIN EN ISO 13918;e0391a5a-d94b-11e9-affe-001e6754e0a5;75-22-250;arc-SD.png;;arc-SD.png;;Гибкий упор;Дуговая сварка крепежа ARC;Сталь;SD1;нет;;22;250;100 шт;Нет;Крепеж;Приварной крепёж;Крепеж для дуговой сварки ARC
;75-00-025 Керамическое кольцо UF 25 DIN EN ISO 13918;838dfe55-daa7-11e9-affe-001e6754e0a5;75-00-025;arc-kolco.jpg;;arc-keramkolco.png;;Керамическое кольцо;Дуговая сварка крепежа ARC;Керамика;UF;нет;;;;100 шт;Нет;Крепеж;Приварной крепёж;Крепеж для дуговой сварки ARC
;75-25-100 Гибкий упор тип SD1 диаметр d 25 x 100, материал S235J2+C450  DIN EN ISO 13918;dcf4a19c-daa7-11e9-affe-001e6754e0a5;75-25-100;arc-SD.png;;arc-SD.png;;Гибкий упор;Дуговая сварка крепежа ARC;Сталь;SD1;нет;;25;100;100 шт;Нет;Крепеж;Приварной крепёж;Крепеж для дуговой сварки ARC
;41-08-040 Шпилька ARC резьбовая стальная 4.8 тип RD M 8 x 40 с алюминиевым кончиком и керамическим кольцом RF 8. DIN EN ISO 13918;70af6e76-c6e7-11e3-b077-001e6754e0a7;41-08-040;arc-rd.jpg;;arc-rd.jpg;;Резьбовая шпилька;Дуговая сварка крепежа ARC;Сталь;RD;10;;10;60;100 шт;Да;Крепеж;Приварной крепёж;Крепеж для дуговой сварки ARC
;71-00-008 Керамическое кольцо RF 8 в соответствии с EN ISO 13918;bcda5536-c6e7-11e3-b077-001e6754e0a7;71-00-008;arc-kolco.jpg;;arc-keramkolco.png;;Керамическое кольцо;Дуговая сварка крепежа ARC;Керамика;RF;нет;;;;100 шт;Нет;Крепеж;Приварной крепёж;Крепеж для дуговой сварки ARC
;44-08-040 Шпилька резьбовая стальная ARC с алюминиевым кончиком, полная резьба тип МD 8 x 40;b05a133d-cac6-11e3-b077-001e6754e0a7;44-08-040;arc-md.png;;arc-md.png;;Резьбовая шпилька;Дуговая сварка крепежа ARC;Сталь;MD;8;;8;40;100 шт;Да;Крепеж;Приварной крепёж;Крепеж для дуговой сварки ARC
;73-00-008 Керамическое кольцо UF  8;2fa6e19d-cac7-11e3-b077-001e6754e0a7;73-00-008;arc-kolco.jpg;;arc-keramkolco.png;;Керамическое кольцо;Дуговая сварка крепежа ARC;Керамика;UF;нет;;;;100 шт;Нет;Крепеж;Приварной крепёж;Крепеж для дуговой сварки ARC
;41-20-100 Шпилька резьбовая сталь 4,8 ARC с алюминиевым кончиком и керамическим кольцом RF 20, тип RD М20 x 100 DIN EN ISO 13918;42f05c52-e4a0-11e3-b077-001e6754e0a7;41-20-100;arc-rd.jpg;;arc-rd.jpg;;Резьбовая шпилька;Дуговая сварка крепежа ARC;Сталь;RD;20;;20;100;100 шт;Да;Крепеж;Приварной крепёж;Крепеж для дуговой сварки ARC
;71-00-020-F Керамическое кольцо RF 20;a623d052-e4a0-11e3-b077-001e6754e0a7;71-00-020-F;arc-kolco.jpg;;arc-keramkolco.png;;Керамическое кольцо;Дуговая сварка крепежа ARC;Керамика;RF;нет;;;;100 шт;Нет;Крепеж;Приварной крепёж;Крепеж для дуговой сварки ARC
;56-10-020 Шпилька нерезьбовая сталь 4,8  ARC с алюминиевым кончиком тип UD М10 x 20 DIN EN ISO 13918;dafd5e9f-e4a2-11e3-b077-001e6754e0a7;56-10-020;arc-ud.jpg;;arc-ud.jpg;;Нерезьбовая шпилька;Дуговая сварка крепежа ARC;Сталь;UD;;;10;20;100 шт;;Крепеж;Приварной крепёж;Крепеж для дуговой сварки ARC
;56-10-030 Шпилька нерезьбовая сталь 4,8  ARC с алюминиевым кончиком тип UD М10 x 30 DIN EN ISO 13918;42230e3b-e4a3-11e3-b077-001e6754e0a7;56-10-030;arc-ud.jpg;;arc-ud.jpg;;Нерезьбовая шпилька;Дуговая сварка крепежа ARC;Сталь;UD;;;10;30;100 шт;;Крепеж;Приварной крепёж;Крепеж для дуговой сварки ARC
;56-10-045 Шпилька нерезьбовая сталь 4,8  ARC с алюминиевым кончиком тип UD М10 x 45 DIN EN ISO 13918;5ecd4881-e4a3-11e3-b077-001e6754e0a7;56-10-045;arc-ud.jpg;;arc-ud.jpg;;Нерезьбовая шпилька;Дуговая сварка крепежа ARC;Сталь;UD;;;10;45;100 шт;;Крепеж;Приварной крепёж;Крепеж для дуговой сварки ARC
;73-00-010 Керамическое кольцо UF 10;b2961d1a-e4a3-11e3-b077-001e6754e0a7;73-00-010;arc-kolco.jpg;;arc-keramkolco.png;;Керамическое кольцо;Дуговая сварка крепежа ARC;Керамика;UF;нет;;;;100 шт;Нет;Крепеж;Приварной крепёж;Крепеж для дуговой сварки ARC
;42-06-035 Шпилька резьбовая нержавеющая сталь А2-50 ARC (в комплекте с керамическим  кольцом RF 6) тип RD М6 х 35 DIN EN ISO 13918;1f8fa756-e7e9-11e3-b077-001e6754e0a7;42-06-035 (без кольца);arc-rd_n.png;;arc-rd_n.png;;Резьбовая шпилька;Дуговая сварка крепежа ARC;Нержавеющая сталь;RD;6;;6;35;100 шт;Да;Крепеж;Приварной крепёж;Крепеж для дуговой сварки ARC
;42-08-020 Шпилька резьбовая нержавеющая сталь А2-50 ARC  с алюминиевым кончиком тип RD  М8 х 20 DIN EN ISO 13918;3c0cbe96-e7e9-11e3-b077-001e6754e0a7;42-08-020;arc-rd_n.png;;arc-rd_n.png;;Резьбовая шпилька;Дуговая сварка крепежа ARC;Нержавеющая сталь;RD;8;;8;20;100 шт;Да;Крепеж;Приварной крепёж;Крепеж для дуговой сварки ARC
;42-08-035 Шпилька резьбовая нержавеющая сталь ARC (с алюминиевым кончиком и керамическим  кольцом ) тип RD М8 х 35 DIN EN ISO 13918;4e2db486-e7e9-11e3-b077-001e6754e0a7;42-08-035;arc-rd_n.png;;arc-rd_n.png;;Резьбовая шпилька;Дуговая сварка крепежа ARC;Нержавеющая сталь;RD;8;;8;35;100 шт;Да;Крепеж;Приварной крепёж;Крепеж для дуговой сварки ARC
;42-10-025 Шпилька резьбовая нержавеющая сталь А2-50 ARC (с алюминиевым кончиком и керамическим  кольцом RF 10) тип RD М10 х 25. DIN EN ISO 13918;65fd9766-e7e9-11e3-b077-001e6754e0a7;42-10-025 без кольца;arc-rd_n.png;;arc-rd_n.png;;Резьбовая шпилька;Дуговая сварка крепежа ARC;Нержавеющая сталь;RD;10;;10;25;100 шт;Да;Крепеж;Приварной крепёж;Крепеж для дуговой сварки ARC
;42-12-040 Шпилька резьбовая нержавеющая сталь ARC (с алюминиевым кончиком и керамическим  кольцом) тип RD М12 х 40 DIN EN ISO 13918;851be666-e7e9-11e3-b077-001e6754e0a7;42-12-040;arc-rd_n.png;;arc-rd_n.png;;Резьбовая шпилька;Дуговая сварка крепежа ARC;Нержавеющая сталь;RD;12;;12;40;100 шт;Да;Крепеж;Приварной крепёж;Крепеж для дуговой сварки ARC
;42-12-070 Шпилька резьбовая нержавеющая сталь А2-50 ARC (с алюминиевым кончиком и керамическим кольцом RF 12) тип RD М12 х 70 DIN EN ISO 13918;95956de6-e7e9-11e3-b077-001e6754e0a7;42-12-070;arc-rd_n.png;;arc-rd_n.png;;Резьбовая шпилька;Дуговая сварка крепежа ARC;Нержавеющая сталь;RD;12;;12;70;100 шт;Да;Крепеж;Приварной крепёж;Крепеж для дуговой сварки ARC
;47-06-035-MPF Шпилька резьбовая нержавеющая сталь А2-50 ARC (с алюминиевым кончиком и  керамическим кольцом) тип PD/MPF М6 х 35;ddde5e86-e7f4-11e3-b077-001e6754e0a7;47-06-035-MPF;arc-pd.jpg;;arc-pd.jpg;;Резьбовая шпилька;Дуговая сварка крепежа ARC;Нержавеющая сталь;PD/MPF;6;;6;35;100 шт;Да;Крепеж;Приварной крепёж;Крепеж для дуговой сварки ARC
;47-08-020-MPF Шпилька резьбовая нержавеющая сталь А2-50 ARC (с алюминиевым кончиком и  керамическим кольцом) тип PD/MPF М8 х 20;f4735066-e7f4-11e3-b077-001e6754e0a7;47-08-020-MPF;arc-pd.jpg;;arc-pd.jpg;;Резьбовая шпилька;Дуговая сварка крепежа ARC;Нержавеющая сталь;PD/MPF;8;;8;20;100 шт;Да;Крепеж;Приварной крепёж;Крепеж для дуговой сварки ARC
;47-08-035-MPF Шпилька резьбовая нержавеющая сталь А2-50 ARC (с алюминиевым кончиком и  керамическим кольцом) тип PD/MPF М8 х 35;035743c6-e7f5-11e3-b077-001e6754e0a7;47-08-035-MPF;arc-pd.jpg;;arc-pd.jpg;;Резьбовая шпилька;Дуговая сварка крепежа ARC;Нержавеющая сталь;PD/MPF;8;;8;35;100 шт;Да;Крепеж;Приварной крепёж;Крепеж для дуговой сварки ARC
;47-10-025-MPF Шпилька резьбовая нержавеющая сталь А2-50 ARC (с алюминиевым кончиком и  керамическим кольцом) тип PD/MPF М10 х 25;1929d006-e7f5-11e3-b077-001e6754e0a7;47-10-025-MPF;arc-pd.jpg;;arc-pd.jpg;;Резьбовая шпилька;Дуговая сварка крепежа ARC;Нержавеющая сталь;PD/MPF;10;;10;25;100 шт;Да;Крепеж;Приварной крепёж;Крепеж для дуговой сварки ARC
;47-12-040-MPF Шпилька резьбовая нержавеющая сталь А2-50 ARC (с алюминиевым кончиком и  керамическим кольцом) тип PD/MPF М12 х 40;5a6bbec6-e7f5-11e3-b077-001e6754e0a7;47-12-040-MPF;arc-pd.jpg;;arc-pd.jpg;;Резьбовая шпилька;Дуговая сварка крепежа ARC;Нержавеющая сталь;PD/MPF;12;;12;40;100 шт;Да;Крепеж;Приварной крепёж;Крепеж для дуговой сварки ARC
;47-12-070-MPF Шпилька резьбовая нержавеющая сталь А2-50 ARC (с алюминиевым кончиком и  керамическим кольцом) тип PD/MPF М12 х 70;cfe54ae7-e7f5-11e3-b077-001e6754e0a7;47-12-070-MPF;arc-pd.jpg;;arc-pd.jpg;;Резьбовая шпилька;Дуговая сварка крепежа ARC;Нержавеющая сталь;PD/MPF;12;;12;70;100 шт;Да;Крепеж;Приварной крепёж;Крепеж для дуговой сварки ARC
;75-19-225 Гибкий упор тип SD1 диаметр 19 х 225, материал S235J2+C450  DIN EN ISO 13918;9d2533ae-59f6-11ea-b0d9-001e6754e0a5;75-19-225;arc-SD.png;;arc-SD.png;;Гибкий упор;Дуговая сварка крепежа ARC;Сталь;SD1;нет;;19;225;100 шт;Нет;Крепеж;Приварной крепёж;Крепеж для дуговой сварки ARC
;78-14-08-025-DUO/MPF Шпилька резьбовая нержавеющая сталь ARC (с алюминиевым кончиком и керамическим кольцом) тип DUO (материал St 37/14571) тип MPF М8 х 25;40a0f737-5c68-11ea-b0d9-001e6754e0a5;78-14-08-025-DUO/MPF * (с кольцом);arc-pd.jpg;;arc-pd.jpg;;Резьбовая шпилька;Дуговая сварка крепежа ARC;Нержавеющая сталь;MPF;8;;8;25;100 шт;Да;Крепеж;Приварной крепёж;Крепеж для дуговой сварки ARC
;"78-14-10-030-DUO/MPF Шпилька резьбовая нержавеющая сталь ARC (с алюминиевым кончиком и керамическим кольцом) тип DUO (материал А-сталь 4,8; материал В-нержавеющая сталь 1.4571) тип MPF М10 х 30";9f63f787-5c68-11ea-b0d9-001e6754e0a5;78-14-10-030-DUO/MPF* (с кольцом);arc-pd.jpg;;arc-pd.jpg;;Резьбовая шпилька;Дуговая сварка крепежа ARC;Нержавеющая сталь;MPF;10;;10;30;100 шт;Да;Крепеж;Приварной крепёж;Крепеж для дуговой сварки ARC
;"78-14-10-055-DUO/MPF Шпилька резьбовая нержавеющая сталь ARC (с алюминиевым кончиком и керамическим кольцом) тип DUO (материал А-сталь 4,8; материал В-нержавеющая сталь 1.4571) тип MPF М10 х 55";457a14f5-5c69-11ea-b0d9-001e6754e0a5;78-14-10-055-DUO/MPF* (с кольцом);arc-pd.jpg;;arc-pd.jpg;;Резьбовая шпилька;Дуговая сварка крепежа ARC;Нержавеющая сталь;MPF;10;;10;55;100 шт;Да;Крепеж;Приварной крепёж;Крепеж для дуговой сварки ARC
;"78-14-12-025-DUO/MPF Шпилька резьбовая нержавеющая сталь ARC (с алюминиевым кончиком и керамическим кольцом) тип DUO (материал А-сталь 4,8; материал В-нержавеющая сталь 1.4571) тип MPF М12 х 25";78912c9a-5c69-11ea-b0d9-001e6754e0a5;78-14-12-025-DUO/MPF* (с кольцом);arc-pd.jpg;;arc-pd.jpg;;Резьбовая шпилька;Дуговая сварка крепежа ARC;Нержавеющая сталь;MPF;12;;12;25;100 шт;Да;Крепеж;Приварной крепёж;Крепеж для дуговой сварки ARC
;42-06-040 Шпилька резьбовая нержавеющая сталь А2-50 ARC (в комплекте с керамическим  кольцом RF 6)  тип RD М6 х 40 DIN EN ISO 13918;cea7fed6-62a7-11ea-b0d9-001e6754e0a5;42-06-040* (с кольцом);arc-rd_n.png;;arc-rd_n.png;;Резьбовая шпилька;Дуговая сварка крепежа ARC;Нержавеющая сталь;RD;6;;6;40;100 шт;Да;Крепеж;Приварной крепёж;Крепеж для дуговой сварки ARC
;51-06-015 Шпилька резьбовая сталь ARC (без алюминиевого кончика и керамического кольца) тип RD М6 x 15;ece7be08-421d-48e2-b117-b6a495c13c17;51-06-015;arc-rd.jpg;;arc-rd.jpg;;Резьбовая шпилька;Дуговая сварка крепежа ARC;Сталь;RD;6;;6;15;100 шт;Да;Крепеж;Приварной крепёж;Крепеж для дуговой сварки ARC
;75-22-150 Гибкий упор тип SD1 диаметр 22 х 150, материал S235J2+C450  DIN EN ISO 13918;e2b3545d-87a3-11e9-b14d-001e6754e0a5;75-22-150;arc-SD.png;;arc-SD.png;;Гибкий упор;Дуговая сварка крепежа ARC;Сталь;SD1;нет;;22;150;100 шт;Нет;Крепеж;Приварной крепёж;Крепеж для дуговой сварки ARC
;73-00-006 Керамическое кольцо UF 6;3671f1ea-31e2-11e5-b1e7-001e6754e0a4;73-00-006;arc-kolco.jpg;;arc-keramkolco.png;;Керамическое кольцо;Дуговая сварка крепежа ARC;Керамика;UF;нет;;;;100 шт;Нет;Крепеж;Приварной крепёж;Крепеж для дуговой сварки ARC
;75-16-100 Гибкий упор тип SD1 диаметр d 16 x 100, материал S235J2+C450  DIN EN ISO 13918;ad4c4517-adf4-11e9-b4b5-001e6754e0a5;75-16-100;arc-SD.png;;arc-SD.png;;Гибкий упор;Дуговая сварка крепежа ARC;Сталь;SD1;нет;;16;100;100 шт;Нет;Крепеж;Приварной крепёж;Крепеж для дуговой сварки ARC
;41-12-060 Шпилька резьбовая углеродистая сталь 4.8 ARC (с алюминиевым кончиком и керамическим  кольцом RF 12) тип RD М12 х 60  DIN EN ISO 13918;14d86b2c-b91f-11e9-b4b5-001e6754e0a5;41-12-060;arc-rd.jpg;;arc-rd.jpg;;Резьбовая шпилька;Дуговая сварка крепежа ARC;Углеродистая сталь;RD;12;;12;60;100 шт;Да;Крепеж;Приварной крепёж;Крепеж для дуговой сварки ARC
;41-12-070 Шпилька резьбовая углеродистая сталь 4.8 ARC (с алюминиевым кончиком и керамическим  кольцом RF 12) тип RD М12 х 70 DIN EN ISO 13918;54d22001-b91f-11e9-b4b5-001e6754e0a5;41-12-070;arc-rd.jpg;;arc-rd.jpg;;Резьбовая шпилька;Дуговая сварка крепежа ARC;Углеродистая сталь;RD;12;;12;70;100 шт;Да;Крепеж;Приварной крепёж;Крепеж для дуговой сварки ARC
;41-12-080 Шпилька резьбовая углеродистая сталь 4.8 ARC (с алюминиевым кончиком и керамическим  кольцом RF 12) тип RD М12 х 80 DIN EN ISO 13918;89fea5a4-b91f-11e9-b4b5-001e6754e0a5;41-12-080;arc-rd.jpg;;arc-rd.jpg;;Резьбовая шпилька;Дуговая сварка крепежа ARC;Углеродистая сталь;RD;12;;12;80;100 шт;Да;Крепеж;Приварной крепёж;Крепеж для дуговой сварки ARC
;78-14-08-025-DUO/MPF Шпилька резьбовая нержавеющая сталь ARC (с алюминиевым кончиком и керамическим  кольцом) тип DUO (материал St 37/14571) тип MPF М8 х 25;15dbe47b-0f9f-11e7-b603-001e6754e0a4;78-14-08-025-DUO/MPF (без кольца);arc-pd.jpg;;arc-pd.jpg;;Резьбовая шпилька;Дуговая сварка крепежа ARC;Нержавеющая сталь;MPF;2;;2;25;100 шт;Да;Крепеж;Приварной крепёж;Крепеж для дуговой сварки ARC
;47-10-035-MPF Шпилька резьбовая ARC стальная  нержавеющая A2-50 тип PD/MPF (с алюминиевым кончиком и кер. кольцом) М10 х 35;797e7bfb-0f9f-11e7-b603-001e6754e0a4;47-10-035-MPF;arc-pd.jpg;;arc-pd.jpg;;Резьбовая шпилька;Дуговая сварка крепежа ARC;Нержавеющая сталь;PD/MPF;6;;6;40;100 шт;Да;Крепеж;Приварной крепёж;Крепеж для дуговой сварки ARC
;72-00-008-F Керамическое кольцо KSP-F 8 в соответствии с EN ISO 13918;41f40689-0fa0-11e7-b603-001e6754e0a4;72-00-008-F;arc-kolco.jpg;;arc-keramkolco.png;;Керамическое кольцо;Дуговая сварка крепежа ARC;Керамика;KSP-F;нет;;;;100 шт;Нет;Крепеж;Приварной крепёж;Крепеж для дуговой сварки ARC
;46-12-080-MPF Шпилька резьбовая углеродистая сталь 4.8 ARC (с алюминиевым кончиком и керамическим кольцом RF 12)  тип RD/MPF М12 х 80 DIN EN ISO 13918;17a904f4-192a-11e7-b603-001e6754e0a4;46-12-080-MPF;arc-rd.jpg;;arc-rd.jpg;;Резьбовая шпилька;Дуговая сварка крепежа ARC;Углеродистая сталь;RD/MPF;12;;12;80;100 шт;Да;Крепеж;Приварной крепёж;Крепеж для дуговой сварки ARC
;62-06-030KS Шпилька резьбовая нержавеющая сталь ARC тип DD M6 x 30;9c343366-a31a-11e1-b780-000423dd84e7;62-06-030KS;arc-dd_stal.png;;arc-dd_stal.png;;Резьбовая шпилька;Дуговая сварка крепежа ARC;Нержавеющая сталь;DD;6;;6;30;100 шт;Да;Крепеж;Приварной крепёж;Крепеж для дуговой сварки ARC
;62-08-020KS Шпилька резьбовая нержавеющая сталь ARC тип DD M8 x 20;9c343368-a31a-11e1-b780-000423dd84e7;62-08-020KS;arc-dd_stal.png;;arc-dd_stal.png;;Резьбовая шпилька;Дуговая сварка крепежа ARC;Нержавеющая сталь;DD;8;;8;20;100 шт;Да;Крепеж;Приварной крепёж;Крепеж для дуговой сварки ARC
;62-08-035KS Шпилька резьбовая нержавеющая сталь ARC тип DD M8 x 35;9c34336a-a31a-11e1-b780-000423dd84e7;62-08-035KS;arc-dd_stal.png;;arc-dd_stal.png;;Резьбовая шпилька;Дуговая сварка крепежа ARC;Нержавеющая сталь;DD;8;;8;35;100 шт;Да;Крепеж;Приварной крепёж;Крепеж для дуговой сварки ARC
;62-10-035KS Шпилька резьбовая нержавеющая сталь ARC тип DD M10 x 35;9c34336c-a31a-11e1-b780-000423dd84e7;62-10-035KS;arc-dd_stal.png;;arc-dd_stal.png;;Резьбовая шпилька;Дуговая сварка крепежа ARC;Нержавеющая сталь;DD;10;;10;35;100 шт;Да;Крепеж;Приварной крепёж;Крепеж для дуговой сварки ARC
;62-12-030KS Шпилька резьбовая нержавеющая сталь ARC тип DD M12 x 30;9c34336e-a31a-11e1-b780-000423dd84e7;62-12-030KS;arc-dd_stal.png;;arc-dd_stal.png;;Резьбовая шпилька;Дуговая сварка крепежа ARC;Нержавеющая сталь;DD;12;;12;30;100 шт;Да;Крепеж;Приварной крепёж;Крепеж для дуговой сварки ARC
;62-12-045KS Шпилька резьбовая нержавеющая сталь ARC тип DD M12 x 45;9c343370-a31a-11e1-b780-000423dd84e7;62-12-045KS;arc-dd_stal.png;;arc-dd_stal.png;;Резьбовая шпилька;Дуговая сварка крепежа ARC;Нержавеющая сталь;DD;12;;12;45;100 шт;Да;Крепеж;Приварной крепёж;Крепеж для дуговой сварки ARC
;62-16-045KS Шпилька резьбовая нержавеющая сталь ARC тип DD M16 x 45;9c343372-a31a-11e1-b780-000423dd84e7;62-16-045KS;arc-dd_stal.png;;arc-dd_stal.png;;Резьбовая шпилька;Дуговая сварка крепежа ARC;Нержавеющая сталь;DD;16;;16;45;100 шт;Да;Крепеж;Приварной крепёж;Крепеж для дуговой сварки ARC
;62-12-070KS Шпилька резьбовая нержавеющая сталь ARC тип DD M12 x 70;9c343374-a31a-11e1-b780-000423dd84e7;62-12-070KS;arc-dd_stal.png;;arc-dd_stal.png;;Резьбовая шпилька;Дуговая сварка крепежа ARC;Нержавеющая сталь;DD;12;;12;70;100 шт;Да;Крепеж;Приварной крепёж;Крепеж для дуговой сварки ARC
;62-10-025KS Шпилька резьбовая нержавеющая сталь ARC тип DD M10 x 25;9c343376-a31a-11e1-b780-000423dd84e7;62-10-025KS;arc-dd_stal.png;;arc-dd_stal.png;;Резьбовая шпилька;Дуговая сварка крепежа ARC;Нержавеющая сталь;DD;10;;10;25;100 шт;Да;Крепеж;Приварной крепёж;Крепеж для дуговой сварки ARC
;41-16-060 Шпилька резьбовая углеродистая сталь 4.8 ARC (с алюминиевым кончиком и керамическим  кольцом RF 12)  тип RD М16 х 60 DIN EN ISO 13918;a8423568-a4b0-11ea-b846-001e6754e0a5;41-16-060;arc-rd.jpg;;arc-rd.jpg;;Резьбовая шпилька;Дуговая сварка крепежа ARC;Углеродистая сталь;RD;16;;16;60;100 шт;Да;Крепеж;Приварной крепёж;Крепеж для дуговой сварки ARC
;41-12-050 Шпилька резьбовая углеродистая сталь 4.8 ARC (с алюминиевым кончиком и керамическим  кольцом RF 12)  тип RD М12 х 50 DIN EN ISO 13918;dfbfdd63-a56d-11ea-b846-001e6754e0a5;41-12-050* (с кольцом);arc-rd.jpg;;arc-rd.jpg;;Резьбовая шпилька;Дуговая сварка крепежа ARC;Углеродистая сталь;RD;12;;12;50;100 шт;Да;Крепеж;Приварной крепёж;Крепеж для дуговой сварки ARC
;42-12-060 Шпилька резьбовая углеродистая сталь 4.8 ARC (с алюминиевым кончиком и керамическим  кольцом) тип RD М12 х 60 DIN EN ISO 13918;c694ced4-a63f-11ea-b846-001e6754e0a5;42-12-060;arc-rd_n.png;;arc-rd_n.png;;Резьбовая шпилька;Дуговая сварка крепежа ARC;Нержавеющая сталь;RD;12;;12;60;100 шт;Да;Крепеж;Приварной крепёж;Крепеж для дуговой сварки ARC
;42-12-080 Шпилька резьбовая нержавеющая сталь ARC (с алюминиевым кончиком и керамическим  кольцом) тип RD М12 х 80 DIN EN ISO 13918;f809a2bf-a63f-11ea-b846-001e6754e0a5;42-12-080;arc-rd_n.png;;arc-rd_n.png;;Резьбовая шпилька;Дуговая сварка крепежа ARC;Нержавеющая сталь;RD;12;;12;80;100 шт;Да;Крепеж;Приварной крепёж;Крепеж для дуговой сварки ARC
;42-16-060 Шпилька резьбовая нержавеющая сталь ARC (с алюминиевым кончиком и керамическим  кольцом) тип RD М16 х 60 DIN EN ISO 13918;2cff0469-a640-11ea-b846-001e6754e0a5;42-16-060;arc-rd_n.png;;arc-rd_n.png;;Резьбовая шпилька;Дуговая сварка крепежа ARC;Нержавеющая сталь;RD;16;;16;60;100 шт;Да;Крепеж;Приварной крепёж;Крепеж для дуговой сварки ARC
;41-12-020 Шпилька резьбовая углеродистая сталь 4.8 ARC (в комплекте с алюминиевым кончиком и керамическим  кольцом RF 12)  тип RD М12 х 20 DIN EN ISO 13918;372d10ca-abbb-11ea-b846-001e6754e0a5;41-12-020* (с кольцом);arc-rd.jpg;;arc-rd.jpg;;Резьбовая шпилька;Дуговая сварка крепежа ARC;Углеродистая сталь;RD;12;;12;20;100 шт;Да;Крепеж;Приварной крепёж;Крепеж для дуговой сварки ARC
;51-10-045 Шпилька резьбовая сталь ARC (без алюминиевого кончика и керамического кольца) тип RD М10 x 45;3d6e8604-d32e-11ea-ba39-001e6754e0a5;51-10-045;arc-rd.jpg;;arc-rd.jpg;;Резьбовая шпилька;Дуговая сварка крепежа ARC;Углеродистая сталь;RD;10;;10;45;100 шт;Да;Крепеж;Приварной крепёж;Крепеж для дуговой сварки ARC
;61-12-040 Шпилька резьбовая сталь ARC  (без алюминиевого кончика и керамического кольца) тип DD M12х40;1cb67c03-dba0-11ea-ba39-001e6754e0a5;61-12-040;arc-dd.png;;arc-dd.png;;Резьбовая шпилька;Дуговая сварка крепежа ARC;Сталь;DD;12;;12;40;100 шт;Да;Крепеж;Приварной крепёж;Крепеж для дуговой сварки ARC
;42-06-015 Шпилька резьбовая нержавеющая сталь А2-50 ARC  с алюминиевым кончиком тип RD  М6 х 15 DIN EN ISO 13918;0190f5eb-dc8f-11ea-ba39-001e6754e0a5;42-06-015;arc-rd_n.png;;arc-rd_n.png;;Резьбовая шпилька;Дуговая сварка крепежа ARC;Нержавеющая сталь;RD;6;;6;15;100 шт;Да;Крепеж;Приварной крепёж;Крепеж для дуговой сварки ARC
;41-08-025 Шпилька резьбовая углеродистая сталь 4.8 ARC (с алюминиевым кончиком и керамическим кольцом RF 12) тип RD М8 х 25 DIN EN ISO 13918;bbfc9920-e684-11ea-ba39-001e6754e0a5;41-08-025;arc-rd.jpg;;arc-rd.jpg;;Резьбовая шпилька;Дуговая сварка крепежа ARC;Углеродистая сталь;RD;8;;8;25;100 шт;Да;Крепеж;Приварной крепёж;Крепеж для дуговой сварки ARC
;61-12-020 Шпилька резьбовая сталь ARC тип DD М12 x 20;4fd8b2ce-f330-11e1-bb18-000423dd84e7;61-12-020;arc-dd.png;;arc-dd.png;;Резьбовая шпилька;Дуговая сварка крепежа ARC;Сталь;DD;12;;12;20;100 шт;Да;Крепеж;Приварной крепёж;Крепеж для дуговой сварки ARC
;51-10-035 Шпилька резьбовая сталь ARC (без алюминиевого кончика и керамического кольца) тип RD М10 x 35;4e0a81be-f71c-11e1-bb18-000423dd84e7;51-10-035;arc-rd.jpg;;arc-rd.jpg;;Резьбовая шпилька;Дуговая сварка крепежа ARC;Сталь;RD;10;;10;35;100 шт;Да;Крепеж;Приварной крепёж;Крепеж для дуговой сварки ARC
;44-08-025 Шпилька резьбовая сталь ARC с алюминиевым кончиком, полная резьба с керамическим кольцом тип МD М8 x 25;a79381a7-d68a-11e7-bbbd-001e6754e0a4;44-08-025;arc-md.png;;arc-md.png;;Резьбовая шпилька;Дуговая сварка крепежа ARC;Сталь;MD;8;;8;25;100 шт;Да;Крепеж;Приварной крепёж;Крепеж для дуговой сварки ARC
;10-70-815 Болт заземления с пластиковым колпачком никелированная сталь М8х15. ;ad2c3f3f-d173-471c-bce2-d6a7a18cc2bc;10-70-815;ARC-bolt_zaz.jpg;;ARC-bolt_zaz.jpg;;Болт заземления;Дуговая сварка крепежа ARC;Никелированая сталь;нет;8;;8;15;1000 шт;Да;Крепеж;Приварной крепёж;Крепеж для дуговой сварки ARC
;42-06-030 Шпилька резьбовая нержавеющая сталь А2-50 ARC (с алюминиевым кончиком и керамическим  кольцом RF 6) тип RD М6 х 30 DIN EN ISO 13918;47539b7d-9114-11e6-bf00-001e6754e0a4;42-06-030 (без кольца);arc-rd_n.png;;arc-rd_n.png;;Резьбовая шпилька;Дуговая сварка крепежа ARC;Нержавеющая сталь;RD;6;;6;30;100 шт;Да;Крепеж;Приварной крепёж;Крепеж для дуговой сварки ARC
;44-10-030 Шпилька резьбовая сталь 4,8 ARC (с алюминиевым кончиком, полная резьба с керамическим кольцом UF 10) тип МD(DD)  М10 x 30 ;2d48f34d-96cb-11e6-bf00-001e6754e0a4;44-10-030;arc-md.png;;arc-md.png;;Резьбовая шпилька;Дуговая сварка крепежа ARC;Сталь;MD/DD;10;;10;30;100 шт;Да;Крепеж;Приварной крепёж;Крепеж для дуговой сварки ARC
;72-00-012 Керамическое кольцо PF 12 в соответствии с EN ISO 13918;38e6b796-b082-11e6-bf00-001e6754e0a4;72-00-012;arc-kolco.jpg;;arc-keramkolco.png;;Керамическое кольцо;Дуговая сварка крепежа ARC;Керамика;PF;нет;;;;100 шт;Нет;Крепеж;Приварной крепёж;Крепеж для дуговой сварки ARC
;54-10-030 Шпилька резьбовая нержавеющая сталь 1.4301 ARC (с алюминиевым кончиком и керамическим  кольцом UF 10)  тип MD М10 х 30 DIN EN ISO 13918;00366016-b21d-11e6-bf00-001e6754e0a4;54-10-030;arc-md.png;;arc-md.png;;Резьбовая шпилька;Дуговая сварка крепежа ARC;Нержавеющая сталь;MD;10;;10;30;100 шт;Да;Крепеж;Приварной крепёж;Крепеж для дуговой сварки ARC
;41-06-015 Шпилька резьбовая углеродистая сталь 4.8 ARC (с алюминиевым кончиком и керамическим  кольцом RF 12) тип RD М6 х 15 DIN EN ISO 13918;fbf3b572-da5b-11e7-bfa3-001e6754e0a4;41-06-015;arc-rd.jpg;;arc-rd.jpg;;Резьбовая шпилька;Дуговая сварка крепежа ARC;Углеродистая сталь;RD;6;;6;15;100 шт;Да;Крепеж;Приварной крепёж;Крепеж для дуговой сварки ARC
;41-08-015 Шпилька резьбовая углеродистая сталь 4.8 ARC (с алюминиевым кончиком и керамическим  кольцом RF 8) тип RD М8 х 15 DIN EN ISO 13918;1086e3e2-da5c-11e7-bfa3-001e6754e0a4;41-08-015;arc-rd.jpg;;arc-rd.jpg;;Резьбовая шпилька;Дуговая сварка крепежа ARC;Углеродистая сталь;RD;8;;8;15;100 шт;Да;Крепеж;Приварной крепёж;Крепеж для дуговой сварки ARC
