IE_CODE;IE_NAME;IP_PROP39;IP_PROP4;IE_PREVIEW_PICTURE;IE_PREVIEW_TEXT;IE_DETAIL_PICTURE;IE_DETAIL_TEXT;IP_PROP41;IP_PROP9;IP_PROP14;IP_PROP43;IP_PROP46;IP_PROP44;IP_PROP25;IP_PROP45;IP_PROP12;IC_GROUP0;IC_GROUP1;IC_GROUP2
;11-58-015 Шпилька резьбовая сталь омедненная тип SC (короткий цикл)  M 8 x 15 HBS;5a46377f-c953-4b77-812f-d6b1b9197179;11-58-015;shpilka-resbovaya-omednen-stal-ps.png;;shpilka-resbovaya-omednen-stal-ps.png;;Резьбовая шпилька;Короткий цикл SC;Омедненная сталь;8;;8;15;1000 шт;Да;Крепеж;Приварной крепёж;Крепеж для короткого цикла CS
;10-70-615 Болт заземления с пластиковым колпачком сталь никелированная М 6 х 15 ;25e96e04-1671-44d1-814d-9d1922f41051;10-70-615;bolt_zazemlenia_n.png;;bolt_zazemlenia_n.png;;Болт заземления;Короткий цикл SC;Никелированная сталь;6;;6;15;1000 шт;Да;Крепеж;Приварной крепёж;Крепеж для короткого цикла CS
;10-70-825 Болт заземления SC с пластиковым колпачком сталь омедненная М 8 х 25;935ee8e7-545d-11e9-86df-001e6754e0a5;10-70-825;bolt_zazemlenia_omedn.png;;bolt_zazemlenia_omedn.png;;Болт заземления;Короткий цикл SC;Омедненная сталь;8;;8;25;1000 шт;Да;Крепеж;Приварной крепёж;Крепеж для короткого цикла CS
;17-06-016 Шпилька резьбовая сталь омедненная 4.8 PS (Короткий цикл) M 6 x 16 (DIN EN ISO 13918);7e682754-8977-11e6-88bd-001e6754e0a4;17-06-016;shpilka-resbovaya-omednen-stal-ps.png;;shpilka-resbovaya-omednen-stal-ps.png;;Резьбовая шпилька;Короткий цикл SC;Омедненная сталь;6;;6;16;1000 шт;Да;Крепеж;Приварной крепёж;Крепеж для короткого цикла CS
;11-70-8205 Болт заземления сталь омедненная тип SC (короткий цикл) с пластиковым колпачком М 8 х 20,5;4174c703-c167-11e3-8b66-001e6754e0a7;11-70-8205;bolt_zazemlenia_omedn.png;;bolt_zazemlenia_omedn.png;;Болт заземления;Короткий цикл SC;Омедненная сталь;8;;8;20,5;1000 шт;Да;Крепеж;Приварной крепёж;Крепеж для короткого цикла CS
;17-10-020 Шпилька резьбовая сталь омедненная 4.8  тип SC (Короткий цикл) M 10 x 20 (DIN EN ISO 13918);bbcb31c9-c3ab-11e3-8b66-001e6754e0a7;17-10-020;shpilka-resbovaya-omednen-stal-ps.png;;shpilka-resbovaya-omednen-stal-ps.png;;Резьбовая шпилька;Короткий цикл SC;Омедненная сталь;10;;10;20;1000 шт;Да;Крепеж;Приварной крепёж;Крепеж для короткого цикла CS
;17-10-045 Шпилька резьбовая сталь омедненная SC тип (Короткий цикл) M 10 x 45;cde79557-c3ab-11e3-8b66-001e6754e0a7;17-10-045;shpilka-resbovaya-omednen-stal-ps.png;;shpilka-resbovaya-omednen-stal-ps.png;;Резьбовая шпилька;Короткий цикл SC;Омедненная сталь;10;;10;45;1000 шт;Да;Крепеж;Приварной крепёж;Крепеж для короткого цикла CS
;"10-25-018 Шпилька ""елка"" сталь омедненая SCS 5 x 18";371356a1-4b1c-4fbe-8b95-5b35c68f7d9f;10-25-018;shpilka-resbovaya-elka_omednen-stal-ps.png;;shpilka-resbovaya-elka_omednen-stal-ps.png;;Резьбовая шпилька;Короткий цикл SC;Омедненная сталь;5;;5;18;1000 шт;Да;Крепеж;Приварной крепёж;Крепеж для короткого цикла CS
;10-70-612 Болт заземления с пластиковым колпачком сталь никелированная М 6 х 12  ;a0bd6173-8d29-11e1-8f2f-000423dd84e7;10-70-612;bolt_zazemlenia_n.png;;bolt_zazemlenia_n.png;;Болт заземления;Короткий цикл SC;Никелированная сталь;6;;6;15;1000 шт;Да;Крепеж;Приварной крепёж;Крепеж для короткого цикла CS
;17-06-020 BOLTE Шпилька резьбовая сталь омедненная 4.8 тип PS (Короткий цикл) M 6 x 20 (DIN EN ISO 13918);538d4fd2-1b9e-42da-8fb6-7452d3d76f19;17-06-020 BOLTE;shpilka-resbovaya-omednen-stal-ps.png;;shpilka-resbovaya-omednen-stal-ps.png;;Резьбовая шпилька;Короткий цикл SC;Омедненная сталь;6;;6;20;1000 шт;Да;Крепеж;Приварной крепёж;Крепеж для короткого цикла CS
;12-56-025 Шпилька резьбовая сталь нержавеющая А2-50 тип PS M 6 x 25    DIN EN ISO 13918;38a7ec4c-04df-4e50-944e-93b4066b9925;12-56-025;shpilka_resbovaya_nerzh stal_ps.png;;shpilka_resbovaya_nerzh stal_ps.png;;Резьбовая шпилька;Короткий цикл SC;Нержавеющая сталь;6;;6;25;1000 шт;Да;Крепеж;Приварной крепёж;Крепеж для короткого цикла CS
;17-10-025 Шпилька резьбовая сталь омедненная 4.8 тип SC (Короткий цикл) M 10 x 25 (DIN EN ISO 13918);d48cb989-bd82-11e4-9599-001e6754e0a4;17-10-025;shpilka-resbovaya-omednen-stal-ps.png;;shpilka-resbovaya-omednen-stal-ps.png;;Резьбовая шпилька;Короткий цикл SC;Омедненная сталь;10;;10;25;1000 шт;Да;Крепеж;Приварной крепёж;Крепеж для короткого цикла CS
;17-08-025 Шпилька резьбовая сталь омедненная SC тип (Короткий цикл) M 8 x 25 тип PS (DIN EN ISO 13918);18baa7d9-369f-11e5-997b-001e6754e0a4;17-08-025;shpilka-resbovaya-omednen-stal-ps.png;;shpilka-resbovaya-omednen-stal-ps.png;;Резьбовая шпилька;Короткий цикл SC;Омедненная сталь;8;;8;25;1000 шт;Да;Крепеж;Приварной крепёж;Крепеж для короткого цикла CS
;10-70-612W Болт заземления с пластиковым колпачком сталь омедненная 8.8 М 6 х 12 ;08aae611-e998-11e8-99fa-001e6754e0a5;10-70-612W;bolt_zazemlenia_omedn.png;;bolt_zazemlenia_omedn.png;;Болт заземления;Короткий цикл SC;Омедненная сталь;6;;6;12;1000 шт;Да;Крепеж;Приварной крепёж;Крепеж для короткого цикла CS
;17-LN-06-016 Шпилька резьбовая сталь омедненная 4.8  тип PS (Короткий цикл) M 6 x 16 (DIN EN ISO 13918) с бороздкой под покраску;c6da657e-d544-11e5-9b6d-001e6754e0a4;17-LN-06-016;shpilka-resbovaya-omednen-stal-ps.png;;shpilka-resbovaya-omednen-stal-ps.png;;Резьбовая шпилька;Короткий цикл SC;Омедненная сталь;6;;6;16;1000 шт;Да;Крепеж;Приварной крепёж;Крепеж для короткого цикла CS
;17-10-030 Шпилька резьбовая сталь омедненная 4.8 тип SC (Короткий цикл) M 10 x 30 (DIN EN ISO 13918);25295cb3-deb6-11e5-9b6d-001e6754e0a4;17-10-030;shpilka-resbovaya-omednen-stal-ps.png;;shpilka-resbovaya-omednen-stal-ps.png;;Резьбовая шпилька;Короткий цикл SC;Омедненная сталь;10;;10;30;1000 шт;Да;Крепеж;Приварной крепёж;Крепеж для короткого цикла CS
;12-55-010 Шпилька резьбовая сталь нержавеющая SC тип FD M 5 x 10;3a02dd71-95a7-4f6f-9c76-acb50cec0646;12-55-010;shpilka_resbovaya_nerzh stal_ps.png;;shpilka_resbovaya_nerzh stal_ps.png;;Резьбовая шпилька;Короткий цикл SC;Нержавеющая сталь;5;;5;10;1000 шт;Да;Крепеж;Приварной крепёж;Крепеж для короткого цикла CS
;17-10-040 Шпилька резьбовая сталь омедненная  4.8 тип SC (Короткий цикл) M 10 x 40 (DIN EN ISO 13918);2226b5b2-ab7e-11e4-9f92-001e6754e0a4;17-10-040;shpilka-resbovaya-omednen-stal-ps.png;;shpilka-resbovaya-omednen-stal-ps.png;;Резьбовая шпилька;Короткий цикл SC;Омедненная сталь;10;;10;40;1000 шт;Да;Крепеж;Приварной крепёж;Крепеж для короткого цикла CS
;18-05-010 Шпилька резьбовая SC сталь нержавеющая А2-50 тип PS M 5 x 10 Shcoler+Bolte;1707abc0-f32d-11e4-a12f-001e6754e0a4;18-05-010;shpilka_resbovaya_nerzh stal_ps.png;;shpilka_resbovaya_nerzh stal_ps.png;;Резьбовая шпилька;Короткий цикл SC;Нержавеющая сталь;5;;5;10;1000 шт;Да;Крепеж;Приварной крепёж;Крепеж для короткого цикла CS
;11-70-6175 Болт заземления тип SC (короткий цикл) с пластиковым колпачком сталь омедненная  М 6 х 17,5;7a3e5c68-1e1c-11e8-a1d0-001e6754e0a4;11-70-6175;bolt_zazemlenia_omedn.png;;bolt_zazemlenia_omedn.png;;Болт заземления;Короткий цикл SC;Омедненная сталь;6;;6;17,5;1000 шт;Да;Крепеж;Приварной крепёж;Крепеж для короткого цикла CS
;10-70-6151 Болт заземления с пластиковым колпачком сталь оцинкованная М 6 х 15;675b702a-f0b9-11e5-a42d-001e6754e0a4;10-70-6151;bolt_zazemlenia_n.png;;bolt_zazemlenia_n.png;;Болт заземления;Короткий цикл SC;Оцинкованная сталь;6;;6;15;1000 шт;Да;Крепеж;Приварной крепёж;Крепеж для короткого цикла CS
;"10-25-014 Шпилька ""елка"" сталь омедненая SCS 5 x 14,2";18e3da6f-fbdc-412a-aa9d-44d898d5aa27;10-25-014;shpilka-resbovaya-elka_omednen-stal-ps.png;;shpilka-resbovaya-elka_omednen-stal-ps.png;;Резьбовая шпилька;Короткий цикл SC;Омедненная сталь;5;;5;14,2;1000 шт;Да;Крепеж;Приварной крепёж;Крепеж для короткого цикла CS
;17-06-012 Шпилька резьбовая сталь омедненная  4.8  тип SC (Короткий цикл) M 6 x 12 (DIN EN ISO 13918);6b6dbb8f-e423-11e9-affe-001e6754e0a5;17-06-012;shpilka-resbovaya-omednen-stal-ps.png;;shpilka-resbovaya-omednen-stal-ps.png;;Резьбовая шпилька;Короткий цикл SC;Омедненная сталь;6;;6;12;1000 шт;Да;Крепеж;Приварной крепёж;Крепеж для короткого цикла CS
;17-08-045 Шпилька резьбовая сталь омедненная SC тип (Короткий цикл) M 8 x 45;636c3056-df5b-11e3-b077-001e6754e0a7;17-08-045;shpilka-resbovaya-omednen-stal-ps.png;;shpilka-resbovaya-omednen-stal-ps.png;;Резьбовая шпилька;Короткий цикл SC;Омедненная сталь;8;;8;45;1000 шт;Да;Крепеж;Приварной крепёж;Крепеж для короткого цикла CS
;17-06-025 Шпилька резьбовая сталь омедненная SC тип (Короткий цикл) M 6 x 25;76cf2600-df5b-11e3-b077-001e6754e0a7;17-06-025;shpilka-resbovaya-omednen-stal-ps.png;;shpilka-resbovaya-omednen-stal-ps.png;;Резьбовая шпилька;Короткий цикл SC;Омедненная сталь;6;;6;25;1000 шт;Да;Крепеж;Приварной крепёж;Крепеж для короткого цикла CS
;17-06-035 Шпилька резьбовая сталь омедненная SC тип (Короткий цикл) M 6 x 35;88bbecd6-df5b-11e3-b077-001e6754e0a7;17-06-035;shpilka-resbovaya-omednen-stal-ps.png;;shpilka-resbovaya-omednen-stal-ps.png;;Резьбовая шпилька;Короткий цикл SC;Омедненная сталь;6;;6;35;1000 шт;Да;Крепеж;Приварной крепёж;Крепеж для короткого цикла CS
;17-05-012 Шпилька резьбовая сталь омедненная 4.8  тип SC (Короткий цикл) M 5 x 12 (DIN EN ISO 13918);3d310287-3035-11e5-b1e7-001e6754e0a4;17-05-012;shpilka-resbovaya-omednen-stal-ps.png;;shpilka-resbovaya-omednen-stal-ps.png;;Резьбовая шпилька;Короткий цикл SC;Омедненная сталь;5;;5;12;1000 шт;Да;Крепеж;Приварной крепёж;Крепеж для короткого цикла CS
;17-LN-05-012 Шпилька резьбовая стальная омедненная 4.8 тип SC (Короткий цикл) M 5 x 12 (DIN EN ISO 13918) с бороздкой под покраску;48f58241-3131-11e5-b1e7-001e6754e0a4;17-LN-05-012;shpilka-resbovaya-omednen-stal-ps.png;;shpilka-resbovaya-omednen-stal-ps.png;;Резьбовая шпилька;Короткий цикл SC;Омедненная сталь;5;;5;12;1000 шт;Да;Крепеж;Приварной крепёж;Крепеж для короткого цикла CS
;"10-25-025 Шпилька ""елка"" сталь омедненая SCS 5 x 25";ec7a7a94-478a-446d-b5da-e3ebb57a6ba8;10-25-025;shpilka-resbovaya-elka_omednen-stal-ps.png;;shpilka-resbovaya-elka_omednen-stal-ps.png;;Резьбовая шпилька;Короткий цикл SC;Омедненная сталь;5;;5;25;1000 шт;Да;Крепеж;Приварной крепёж;Крепеж для короткого цикла CS
;11-55-010 Шпилька резьбовая сталь омедненая SC тип FD M 5 x 10;31e04953-206b-4f48-b6b1-7ac9c58b542e;11-55-010;shpilka-resbovaya-omednen-stal-ps.png;;shpilka-resbovaya-omednen-stal-ps.png;;Резьбовая шпилька;Короткий цикл SC;Омедненная сталь;5;;5;10;1000 шт;Да;Крепеж;Приварной крепёж;Крепеж для короткого цикла CS
;17-LN-06-020 Шпилька резьбовая сталь 4.8 омедненная тип PS (Короткий цикл) M 6 x 20 (DIN EN ISO 13918) с бороздкой под покраску;19799ea8-9dce-11e7-b6b4-001e6754e0a4;17-LN-06-020;shpilka-resbovaya-omednen-stal-ps.png;;shpilka-resbovaya-omednen-stal-ps.png;;Резьбовая шпилька;Короткий цикл SC;Омедненная сталь;6;;6;20;1000 шт;Да;Крепеж;Приварной крепёж;Крепеж для короткого цикла CS
;17-LN-08-020 Шпилька резьбовая сталь 4.8 омедненная тип SC (Короткий цикл) M 8 x 20 (DIN EN ISO 13918) с бороздкой под покраску;3b760758-9dce-11e7-b6b4-001e6754e0a4;17-LN-08-020;shpilka-resbovaya-omednen-stal-ps.png;;shpilka-resbovaya-omednen-stal-ps.png;;Резьбовая шпилька;Короткий цикл SC;Омедненная сталь;8;;8;20;1000 шт;Да;Крепеж;Приварной крепёж;Крепеж для короткого цикла CS
;17-05-015 Шпилька резьбовая сталь 4.8 омедненная тип SC (Короткий цикл) M 5 x 15 (DIN EN ISO 13918);f77f7c24-b4a1-11e7-bb5e-001e6754e0a4;17-05-015 / 320205015;shpilka-resbovaya-omednen-stal-ps.png;;shpilka-resbovaya-omednen-stal-ps.png;;Резьбовая шпилька;Короткий цикл SC;Омедненная сталь;5;;5;15;1000 шт;Да;Крепеж;Приварной крепёж;Крепеж для короткого цикла CS
;17-06-015 Шпилька резьбовая сталь 4.8 омедненная тип SC (Короткий цикл) M 6 x 15 (DIN EN ISO 13918);09687224-b4a2-11e7-bb5e-001e6754e0a4;17-06-015;shpilka-resbovaya-omednen-stal-ps.png;;shpilka-resbovaya-omednen-stal-ps.png;;Резьбовая шпилька;Короткий цикл SC;Омедненная сталь;6;;6;15;1000 шт;Да;Крепеж;Приварной крепёж;Крепеж для короткого цикла CS
;17-08-016 Шпилька резьбовая сталь омедненная SC тип (Короткий цикл) M 8 x 16 тип PS ( DIN EN ISO 13918);1e8c95f4-b4a2-11e7-bb5e-001e6754e0a4;17-08-016;shpilka-resbovaya-omednen-stal-ps.png;;shpilka-resbovaya-omednen-stal-ps.png;;Резьбовая шпилька;Короткий цикл SC;Омедненная сталь;8;;8;16;1000 шт;Да;Крепеж;Приварной крепёж;Крепеж для короткого цикла CS
;10-70-815 Болт заземления с пластиковым колпачком сталь никелированная М 8 х 15;ad2c3f3f-d173-471c-bce2-d6a7a18cc2bc;10-70-815;bolt_zazemlenia_n.png;;bolt_zazemlenia_n.png;;Болт заземления;Короткий цикл SC;Никелированная сталь;8;;8;15;1000 шт;Да;Крепеж;Приварной крепёж;Крепеж для короткого цикла CS
;10-16-012 Шпилька резьбовая сталь 4.8 омедненная тип SC (Короткий цикл) M 6 x 12 (DIN EN ISO 13918) с бороздкой под покраску HBS;a3511493-c848-11e6-bf00-001e6754e0a4;10-16-012;shpilka-resbovaya-omednen-stal-ps.png;;shpilka-resbovaya-omednen-stal-ps.png;;Резьбовая шпилька;Короткий цикл SC;Омедненная сталь;6;;6;12;1000 шт;Да;Крепеж;Приварной крепёж;Крепеж для короткого цикла CS
;10-16-020 Шпилька резьбовая сталь 4.8 омедненная тип SC (Короткий цикл) M 6 x 20 (DIN EN ISO 13918) с бороздкой под покраску HBS;f0458ce3-c848-11e6-bf00-001e6754e0a4;10-16-020;shpilka-resbovaya-omednen-stal-ps.png;;shpilka-resbovaya-omednen-stal-ps.png;;Резьбовая шпилька;Короткий цикл SC;Омедненная сталь;6;;6;20;1000 шт;Да;Крепеж;Приварной крепёж;Крепеж для короткого цикла CS
;"10-25-009 Шпилька ""елка"" сталь омедненая SCS 5 x 9";0731cf42-7aed-4a48-bf95-39f4495bb1e4;10-25-009;shpilka-resbovaya-elka_omednen-stal-ps.png;;shpilka-resbovaya-elka_omednen-stal-ps.png;;Резьбовая шпилька;Короткий цикл SC;Омедненная сталь;5;;5;9;1000 шт;Да;Крепеж;Приварной крепёж;Крепеж для короткого цикла CS
;11-55-016 Шпилька резьбовая сталь омедненая SC тип FD M 5 x 16;7b729dc2-a87d-4ab1-bf69-b8aeb91349fd;11-55-016;shpilka-resbovaya-omednen-stal-ps.png;;shpilka-resbovaya-omednen-stal-ps.png;;Резьбовая шпилька;Короткий цикл SC;Омедненная сталь;5;;5;16;1000 шт;Да;Крепеж;Приварной крепёж;Крепеж для короткого цикла CS
;11-56-010 Шпилька резьбовая сталь омедненая SC тип FD M 6 x 10;0ba1741d-1d98-4fe1-bd18-4ad44e6467a0;11-56-010;shpilka-resbovaya-omednen-stal-ps.png;;shpilka-resbovaya-omednen-stal-ps.png;;Резьбовая шпилька;Короткий цикл SC;Омедненная сталь;6;;6;10;1000 шт;Да;Крепеж;Приварной крепёж;Крепеж для короткого цикла CS
;12-56-030 Шпилька резьбовая сталь нержавеющая SC тип FD M 6 x 30;2c3a2774-f60e-4ee0-a4b2-5d98ea7c01d4;12-56-030;shpilka_resbovaya_nerzh stal_ps.png;;shpilka_resbovaya_nerzh stal_ps.png;;Резьбовая шпилька;Короткий цикл SC;Нержавеющая сталь;6;;6;30;1000 шт;Да;Крепеж;Приварной крепёж;Крепеж для короткого цикла CS
;17-06-020 Шпилька резьбовая сталь 4.8 омедненная тип PS (Короткий цикл) M 6 x 20 (DIN EN ISO 13918) THOMAS;168e064f-18c9-11ea-801d-001e6754e0a5;17-06-020 THOMAS;shpilka-resbovaya-omednen-stal-ps.png;;shpilka-resbovaya-omednen-stal-ps.png;;Резьбовая шпилька;Короткий цикл SC;Омедненная сталь;6;;6;20;1000 шт;Да;Крепеж;Приварной крепёж;Крепеж для короткого цикла CS
;11-58-010 Шпилька резьбовая сталь омедненая SC тип FD M 8 x 10;2c2494da-0775-4364-9144-fe0446995136;11-58-010;shpilka-resbovaya-omednen-stal-ps.png;;shpilka-resbovaya-omednen-stal-ps.png;;Резьбовая шпилька;Короткий цикл SC;Омедненная сталь;8;;8;10;1000 шт;Да;Крепеж;Приварной крепёж;Крепеж для короткого цикла CS
;11-56-045 Шпилька резьбовая сталь омедненая SC тип FD M 6 x 45;4a70c91c-1fa8-410a-a674-55cdd787a6bd;11-56-045;shpilka-resbovaya-omednen-stal-ps.png;;shpilka-resbovaya-omednen-stal-ps.png;;Резьбовая шпилька;Короткий цикл SC;Омедненная сталь;6;;6;45;1000 шт;Да;Крепеж;Приварной крепёж;Крепеж для короткого цикла CS
;12-55-025 Шпилька резьбовая сталь нержавеющая SC тип FD M 5 x 25;80965c5e-3d0e-4727-b424-9f3800e1b4bf;12-55-025;shpilka_resbovaya_nerzh stal_ps.png;;shpilka_resbovaya_nerzh stal_ps.png;;Резьбовая шпилька;Короткий цикл SC;Нержавеющая сталь;5;;5;25;1000 шт;Да;Крепеж;Приварной крепёж;Крепеж для короткого цикла CS
;12-55-035 Шпилька резьбвая сталь нержавеющая SC тип FD M 5 x 35;1ed262fd-bf60-47a0-ab86-5c3b61fbd3a7;12-55-035;shpilka_resbovaya_nerzh stal_ps.png;;shpilka_resbovaya_nerzh stal_ps.png;;Резьбовая шпилька;Короткий цикл SC;Нержавеющая сталь;5;;5;35;1000 шт;Да;Крепеж;Приварной крепёж;Крепеж для короткого цикла CS
;11-56-025 Шпилька резьбовая сталь омедненая SC тип FD M 6 x 25;0ea6a146-0f0d-4137-b454-9a64da0f2c7c;11-56-025;shpilka-resbovaya-omednen-stal-ps.png;;shpilka-resbovaya-omednen-stal-ps.png;;Резьбовая шпилька;Короткий цикл SC;Омедненная сталь;6;;6;25;1000 шт;Да;Крепеж;Приварной крепёж;Крепеж для короткого цикла CS
;11-55-020 Шпилька резьбовая сталь омедненая SC тип FD M 5 x 20;d5f61e39-6836-4375-8ecd-1dab02f7261e;11-55-020;shpilka-resbovaya-omednen-stal-ps.png;;shpilka-resbovaya-omednen-stal-ps.png;;Резьбовая шпилька;Короткий цикл SC;Омедненная сталь;5;;5;20;1000 шт;Да;Крепеж;Приварной крепёж;Крепеж для короткого цикла CS
;11-58-016 Шпилька резьбовая сталь омедненая SC тип FD M 8 x 16;7a794d64-903f-4682-ad4c-45fdb1b66606;11-58-016;shpilka-resbovaya-omednen-stal-ps.png;;shpilka-resbovaya-omednen-stal-ps.png;;Резьбовая шпилька;Короткий цикл SC;Омедненная сталь;8;;8;16;1000 шт;Да;Крепеж;Приварной крепёж;Крепеж для короткого цикла CS
;11-56-035 Шпилька резьбовая сталь омедненая SC тип FD M 6 x 35;8e7052d6-62bf-45ba-ab95-852f9a6dd5f4;11-56-035;shpilka-resbovaya-omednen-stal-ps.png;;shpilka-resbovaya-omednen-stal-ps.png;;Резьбовая шпилька;Короткий цикл SC;Омедненная сталь;6;;6;35;1000 шт;Да;Крепеж;Приварной крепёж;Крепеж для короткого цикла CS
;12-56-020 Шпилька резьбовая сталь нержавеющая SC тип FD M 6 x 20;6576701a-66d3-47ca-80c1-7e8e168282c5;12-56-020;shpilka_resbovaya_nerzh stal_ps.png;;shpilka_resbovaya_nerzh stal_ps.png;;Резьбовая шпилька;Короткий цикл SC;Нержавеющая сталь;6;;6;20;1000 шт;Да;Крепеж;Приварной крепёж;Крепеж для короткого цикла CS
;12-58-015 Шпилька резьбовая сталь нержавеющая SC тип FD M 8 x 15;f71ab5bd-56fb-4b27-a61f-630f0fc6f0b3;12-58-015;shpilka_resbovaya_nerzh stal_ps.png;;shpilka_resbovaya_nerzh stal_ps.png;;Резьбовая шпилька;Короткий цикл SC;Нержавеющая сталь;8;;8;15;1000 шт;Да;Крепеж;Приварной крепёж;Крепеж для короткого цикла CS
;12-56-008 Шпилька резьбовая сталь нержавеющая SC тип FD M 6 x 8;ce8a244f-bb1a-4c6c-aa32-6b33810846bd;12-56-008;shpilka_resbovaya_nerzh stal_ps.png;;shpilka_resbovaya_nerzh stal_ps.png;;Резьбовая шпилька;Короткий цикл SC;Нержавеющая сталь;6;;6;8;1000 шт;Да;Крепеж;Приварной крепёж;Крепеж для короткого цикла CS
;12-56-010 Шпилька резьбовая сталь нержавеющая SC тип FD M 6 x 10;1ac3d604-0c51-4bc7-87a8-7b28c66f7b64;12-56-010;shpilka_resbovaya_nerzh stal_ps.png;;shpilka_resbovaya_nerzh stal_ps.png;;Резьбовая шпилька;Короткий цикл SC;Нержавеющая сталь;6;;6;10;1000 шт;Да;Крепеж;Приварной крепёж;Крепеж для короткого цикла CS
;11-56-040 Шпилька резьбовая сталь омедненая SC тип FD M 6 x 40;a9730c8e-9645-44d5-8b7c-e5dd23f6a429;11-56-040;shpilka-resbovaya-omednen-stal-ps.png;;shpilka-resbovaya-omednen-stal-ps.png;;Резьбовая шпилька;Короткий цикл SC;Омедненная сталь;6;;6;40;1000 шт;Да;Крепеж;Приварной крепёж;Крепеж для короткого цикла CS
;11-55-015 Шпилька резьбовая сталь омедненая SC тип FD M 5 x 15;a99e4c3d-a378-4621-a7c0-45619a2a9d41;11-55-015;shpilka-resbovaya-omednen-stal-ps.png;;shpilka-resbovaya-omednen-stal-ps.png;;Резьбовая шпилька;Короткий цикл SC;Омедненная сталь;5;;5;15;1000 шт;Да;Крепеж;Приварной крепёж;Крепеж для короткого цикла CS
;11-56-015 Шпилька резьбовая сталь омедненая SC тип FD M 6 x 15;43790ce6-edd0-4980-a887-2fc6ea797699;11-56-015;shpilka-resbovaya-omednen-stal-ps.png;;shpilka-resbovaya-omednen-stal-ps.png;;Резьбовая шпилька;Короткий цикл SC;Омедненная сталь;6;;6;15;1000 шт;Да;Крепеж;Приварной крепёж;Крепеж для короткого цикла CS
;12-56-040 Шпилька резьбовая сталь нержавеющая SC тип FD M 6 x 40;574c2f20-6aa7-44a7-8db6-9c3a9f946108;12-56-040;shpilka_resbovaya_nerzh stal_ps.png;;shpilka_resbovaya_nerzh stal_ps.png;;Резьбовая шпилька;Короткий цикл SC;Нержавеющая сталь;6;;6;40;1000 шт;Да;Крепеж;Приварной крепёж;Крепеж для короткого цикла CS
;12-55-020 Шпилька резьбовая сталь нержавеющая SC тип FD M 5 x 20;225e3626-2553-4c59-a640-5062af573538;12-55-020;shpilka_resbovaya_nerzh stal_ps.png;;shpilka_resbovaya_nerzh stal_ps.png;;Резьбовая шпилька;Короткий цикл SC;Нержавеющая сталь;5;;5;20;1000 шт;Да;Крепеж;Приварной крепёж;Крепеж для короткого цикла CS
;11-58-035 Шпилька резьбовая сталь омедненая SC тип FD M 8 x 35;bdbf40c6-0abf-4371-b068-2e5ec83ad7c4;11-58-035;shpilka-resbovaya-omednen-stal-ps.png;;shpilka-resbovaya-omednen-stal-ps.png;;Резьбовая шпилька;Короткий цикл SC;Омедненная сталь;8;;8;35;1000 шт;Да;Крепеж;Приварной крепёж;Крепеж для короткого цикла CS
;11-58-045 Шпилька резьбовая сталь омедненая SC тип FD M 8 x 45;883b77e5-dcda-46bf-a02c-c8275e171f87;11-58-045;shpilka-resbovaya-omednen-stal-ps.png;;shpilka-resbovaya-omednen-stal-ps.png;;Резьбовая шпилька;Короткий цикл SC;Омедненная сталь;8;;8;45;1000 шт;Да;Крепеж;Приварной крепёж;Крепеж для короткого цикла CS
;11-58-025 Шпилька резьбовая сталь омедненая SC тип FD M 8 x 25;b1ea6ad3-1801-4064-85db-54bcd875d33a;11-58-025;shpilka-resbovaya-omednen-stal-ps.png;;shpilka-resbovaya-omednen-stal-ps.png;;Резьбовая шпилька;Короткий цикл SC;Омедненная сталь;8;;8;25;1000 шт;Да;Крепеж;Приварной крепёж;Крепеж для короткого цикла CS
;11-56-012 Шпилька резьбовая сталь омедненая SC тип FD M 6 x 12;4e1fc4e0-dcf3-41de-a261-e0702f70baba;11-56-012;shpilka-resbovaya-omednen-stal-ps.png;;shpilka-resbovaya-omednen-stal-ps.png;;Резьбовая шпилька;Короткий цикл SC;Омедненная сталь;6;;6;12;1000 шт;Да;Крепеж;Приварной крепёж;Крепеж для короткого цикла CS
;12-55-040 Шпилька резьбовая сталь нержавеющая SC тип FD M 5 x 40;8c4b1976-248f-4252-ac60-264234ae96bb;12-55-040;shpilka_resbovaya_nerzh stal_ps.png;;shpilka_resbovaya_nerzh stal_ps.png;;Резьбовая шпилька;Короткий цикл SC;Нержавеющая сталь;5;;5;40;1000 шт;Да;Крепеж;Приварной крепёж;Крепеж для короткого цикла CS
;11-56-016 Шпилька резьбовая сталь омедненая SC тип FD M 6 x 16;c8a93c3d-53d1-44f7-96a1-aef540a3d156;11-56-016;shpilka-resbovaya-omednen-stal-ps.png;;shpilka-resbovaya-omednen-stal-ps.png;;Резьбовая шпилька;Короткий цикл SC;Омедненная сталь;6;;6;16;1000 шт;Да;Крепеж;Приварной крепёж;Крепеж для короткого цикла CS
;11-56-030 Шпилька резьбовая сталь омедненая SC тип FD M 6 x 30;92c525be-d0e7-4fc5-b60e-b4744a0d1c24;11-56-030;shpilka-resbovaya-omednen-stal-ps.png;;shpilka-resbovaya-omednen-stal-ps.png;;Резьбовая шпилька;Короткий цикл SC;Омедненная сталь;6;;6;30;1000 шт;Да;Крепеж;Приварной крепёж;Крепеж для короткого цикла CS
;17-05-020 Шпилька резьбовая сталь 4.8 омедненная тип SC (Короткий цикл) M 5 x 20 (DIN EN ISO 13918);b6110b49-c28f-11e9-b4b5-001e6754e0a5;17-05-020;shpilka-resbovaya-omednen-stal-ps.png;;shpilka-resbovaya-omednen-stal-ps.png;;Резьбовая шпилька;Короткий цикл SC;Омедненная сталь;5;;5;20;1000 шт;Да;Крепеж;Приварной крепёж;Крепеж для короткого цикла CS
;10-70-825 Болт заземления с пластиковым колпачком сталь никелированная М 8 х 25;935ee8e7-545d-11e9-86df-001e6754e0a5;10-70-825;bolt_zazemlenia_n.png;;bolt_zazemlenia_n.png;;Болт заземления;Короткий цикл SC;Никелированная сталь;8;;8;25;1000 шт;Да;Крепеж;Приварной крепёж;Крепеж для короткого цикла CS
;12-56-012 Шпилька резьбовая сталь нержавеющая SC тип FD M 6 x 12;25d86014-ebe9-4b25-80b0-cc361a7a91ae;12-56-012;shpilka_resbovaya_nerzh stal_ps.png;;shpilka_resbovaya_nerzh stal_ps.png;;Резьбовая шпилька;Короткий цикл SC;Нержавеющая сталь;6;;6;12;1000 шт;Да;Крепеж;Приварной крепёж;Крепеж для короткого цикла CS
;11-55-008 Шпилька резьбовая сталь омедненая SC тип FD M 5 x 8;12cbe335-4292-472c-915e-a436c39990dd;11-55-008;shpilka-resbovaya-omednen-stal-ps.png;;shpilka-resbovaya-omednen-stal-ps.png;;Резьбовая шпилька;Короткий цикл SC;Омедненная сталь;5;;5;8;1000 шт;Да;Крепеж;Приварной крепёж;Крепеж для короткого цикла CS
;12-58-035 Шпилька резьбовая сталь нержавеющая SC тип FD M 8 x 35;5492889f-cfd4-453c-9dd1-d1dee37bc264;12-58-035;shpilka_resbovaya_nerzh stal_ps.png;;shpilka_resbovaya_nerzh stal_ps.png;;Резьбовая шпилька;Короткий цикл SC;Нержавеющая сталь;8;;8;35;1000 шт;Да;Крепеж;Приварной крепёж;Крепеж для короткого цикла CS
;12-58-010 Шпилька резьбовая сталь нержавеющая SC тип FD M 8 x 10;7e95ba21-da25-4bad-a920-5638633ad361;12-58-010;shpilka_resbovaya_nerzh stal_ps.png;;shpilka_resbovaya_nerzh stal_ps.png;;Резьбовая шпилька;Короткий цикл SC;Нержавеющая сталь;8;;8;10;1000 шт;Да;Крепеж;Приварной крепёж;Крепеж для короткого цикла CS
;12-55-015 Шпилька резьбовая сталь нержавеющая SC тип FD M 5 x 15;d56ca69c-8766-4742-aa1a-9c8794eb9afb;12-55-015;shpilka_resbovaya_nerzh stal_ps.png;;shpilka_resbovaya_nerzh stal_ps.png;;Резьбовая шпилька;Короткий цикл SC;Нержавеющая сталь;5;;5;15;1000 шт;Да;Крепеж;Приварной крепёж;Крепеж для короткого цикла CS
;12-58-012 Шпилька резьбовая сталь нержавеющая SC тип FD M 8 x 12;4aa10acb-3b77-4d8c-9ac5-f16cb215f30f;12-58-012;shpilka_resbovaya_nerzh stal_ps.png;;shpilka_resbovaya_nerzh stal_ps.png;;Резьбовая шпилька;Короткий цикл SC;Нержавеющая сталь;8;;8;12;1000 шт;Да;Крепеж;Приварной крепёж;Крепеж для короткого цикла CS
;12-55-008 Шпилька резьбовая сталь нержавеющая SC тип FD M 5 x 8;708ce718-b0a8-4085-9773-c80f626d11b3;12-55-008;shpilka_resbovaya_nerzh stal_ps.png;;shpilka_resbovaya_nerzh stal_ps.png;;Резьбовая шпилька;Короткий цикл SC;Нержавеющая сталь;5;;5;8;1000 шт;Да;Крепеж;Приварной крепёж;Крепеж для короткого цикла CS
;11-55-025 Шпилька резьбовая сталь омедненая SC тип FD M 5 x 25;e94dcaff-f2bd-4448-8fe7-e208ab5ae124;11-55-025;shpilka-resbovaya-omednen-stal-ps.png;;shpilka-resbovaya-omednen-stal-ps.png;;Резьбовая шпилька;Короткий цикл SC;Омедненная сталь;5;;5;25;1000 шт;Да;Крепеж;Приварной крепёж;Крепеж для короткого цикла CS
;11-58-012 Шпилька резьбовая сталь омедненая SC тип FD M 8 x 12;0cf07e35-36a8-4182-9a69-39add4073615;11-58-012;shpilka-resbovaya-omednen-stal-ps.png;;shpilka-resbovaya-omednen-stal-ps.png;;Резьбовая шпилька;Короткий цикл SC;Омедненная сталь;8;;8;12;1000 шт;Да;Крепеж;Приварной крепёж;Крепеж для короткого цикла CS
;12-58-040 Шпилька резьбовая сталь нержавеющая SC тип FD M 8 x 40;f45bb6c5-91bb-4597-baed-916eec9eb5cd;12-58-040;shpilka_resbovaya_nerzh stal_ps.png;;shpilka_resbovaya_nerzh stal_ps.png;;Резьбовая шпилька;Короткий цикл SC;Нержавеющая сталь;8;;8;40;1000 шт;Да;Крепеж;Приварной крепёж;Крепеж для короткого цикла CS
;11-58-030 Шпилька резьбовая сталь омедненая SC тип FD M 8 x 30;35b7b5e6-47cf-4af1-86f3-d600742ca66b;11-58-030;shpilka-resbovaya-omednen-stal-ps.png;;shpilka-resbovaya-omednen-stal-ps.png;;Резьбовая шпилька;Короткий цикл SC;Омедненная сталь;8;;8;30;1000 шт;Да;Крепеж;Приварной крепёж;Крепеж для короткого цикла CS
;10-71-825 Болт заземления SC с пластиковым колпачком сталь никелированная М 8 х 25;2a35e563-0602-11ea-801d-001e6754e0a5;10-71-825;bolt_zazemlenia_n.png;;bolt_zazemlenia_n.png;;Болт заземления;Короткий цикл SC;Никелированная сталь;8;;8;25;1000 шт;Да;Крепеж;Приварной крепёж;Крепеж для короткого цикла CS
;11-58-040 Шпилька резьбовая сталь омедненая SC тип FD M 8 x 40;ce075171-572a-4051-bd4b-b4aefda64ee8;11-58-040;shpilka-resbovaya-omednen-stal-ps.png;;shpilka-resbovaya-omednen-stal-ps.png;;Резьбовая шпилька;Короткий цикл SC;Омедненная сталь;8;;8;40;1000 шт;Да;Крепеж;Приварной крепёж;Крепеж для короткого цикла CS
;11-55-012 Шпилька резьбовая сталь омедненая SC тип FD M 5 x 12;c1e996d4-b9f1-4349-a08c-adc25e25c2af;11-55-012;shpilka-resbovaya-omednen-stal-ps.png;;shpilka-resbovaya-omednen-stal-ps.png;;Резьбовая шпилька;Короткий цикл SC;Омедненная сталь;5;;5;12;1000 шт;Да;Крепеж;Приварной крепёж;Крепеж для короткого цикла CS
;11-55-030 Шпилька резьбовая сталь омедненая SC тип FD M 5 x 30;6eb2d932-c242-4d52-92b3-a304f64d2a4b;11-55-030;shpilka-resbovaya-omednen-stal-ps.png;;shpilka-resbovaya-omednen-stal-ps.png;;Резьбовая шпилька;Короткий цикл SC;Омедненная сталь;5;;5;30;1000 шт;Да;Крепеж;Приварной крепёж;Крепеж для короткого цикла CS
;11-58-020 Шпилька резьбовая сталь омедненая SC тип FD M 8 x 20;00bab828-4d67-4b82-91ea-1ffdfc223036;11-58-020;shpilka-resbovaya-omednen-stal-ps.png;;shpilka-resbovaya-omednen-stal-ps.png;;Резьбовая шпилька;Короткий цикл SC;Омедненная сталь;8;;8;20;1000 шт;Да;Крепеж;Приварной крепёж;Крепеж для короткого цикла CS
;12-56-015 Шпилька резьбовая сталь нержавеющая SC тип FD M 6 x 15;2427a942-4171-4c79-a1a3-a6fc99eed673;12-56-015;shpilka_resbovaya_nerzh stal_ps.png;;shpilka_resbovaya_nerzh stal_ps.png;;Резьбовая шпилька;Короткий цикл SC;Нержавеющая сталь;6;;6;15;1000 шт;Да;Крепеж;Приварной крепёж;Крепеж для короткого цикла CS
;12-55-012 Шпилька резьбовая сталь нержавеющая SC тип FD M 5 x 12;d4c65ade-5d76-475a-a5cb-b897a9bf94cb;12-55-012;shpilka_resbovaya_nerzh stal_ps.png;;shpilka_resbovaya_nerzh stal_ps.png;;Резьбовая шпилька;Короткий цикл SC;Нержавеющая сталь;5;;5;12;1000 шт;Да;Крепеж;Приварной крепёж;Крепеж для короткого цикла CS
;12-58-030 Шпилька резьбовая сталь нержавеющая SC тип FD M 8 x 30;5bcfc481-8a79-44f1-b0e1-8a2979f8c275;12-58-030;shpilka_resbovaya_nerzh stal_ps.png;;shpilka_resbovaya_nerzh stal_ps.png;;Резьбовая шпилька;Короткий цикл SC;Нержавеющая сталь;8;;8;30;1000 шт;Да;Крепеж;Приварной крепёж;Крепеж для короткого цикла CS
;12-55-030 Шпилька резьбовая сталь нержавеющая SC тип FD M 5 x 30;6500c659-141d-4fc3-9ede-ef94ec54d15b;12-55-030;shpilka_resbovaya_nerzh stal_ps.png;;shpilka_resbovaya_nerzh stal_ps.png;;Резьбовая шпилька;Короткий цикл SC;Нержавеющая сталь;5;;5;30;1000 шт;Да;Крепеж;Приварной крепёж;Крепеж для короткого цикла CS
;12-56-035 Шпилька резьбовая сталь нержавеющая SC тип FD M 6 x 35;07fc0416-e6ff-4486-a684-2ebb26e6d2b2;12-56-035;shpilka_resbovaya_nerzh stal_ps.png;;shpilka_resbovaya_nerzh stal_ps.png;;Резьбовая шпилька;Короткий цикл SC;Нержавеющая сталь;6;;6;35;1000 шт;Да;Крепеж;Приварной крепёж;Крепеж для короткого цикла CS
;12-58-025 Шпилька резьбовая сталь нержавеющая SC тип FD M 8 x 25;c44fcb09-db21-441d-8a20-f3cdd7d0ab4b;12-58-025;shpilka_resbovaya_nerzh stal_ps.png;;shpilka_resbovaya_nerzh stal_ps.png;;Резьбовая шпилька;Короткий цикл SC;Нержавеющая сталь;8;;8;25;1000 шт;Да;Крепеж;Приварной крепёж;Крепеж для короткого цикла CS
;12-58-020 Шпилька резьбовая сталь нержавеющая SC тип FD M 8 x 20;82f9639d-d918-41c6-a49b-1617d4fa4a53;12-58-020;shpilka_resbovaya_nerzh stal_ps.png;;shpilka_resbovaya_nerzh stal_ps.png;;Резьбовая шпилька;Короткий цикл SC;Нержавеющая сталь;8;;8;20;1000 шт;Да;Крепеж;Приварной крепёж;Крепеж для короткого цикла CS
